name,available,from_bus_name,from_bus_id,to_bus_name,to_bus_id,r,x,primary_shunt,rating,base_voltage_primary,base_voltage_secondary,from_bus_voltage,to_bus_voltage,from_bus_area,to_bus_area,active_power_flow,reactive_power_flow
bus-7771-bus-7770-i_10241,true,bus-7771,7771,bus-7770,7770,0.00161216756,0.0716528498,0.0 + 0.0im,2.03708658,500.0,230.0,500.0,230.0,0,0,0.0,0.0
bus-8064-bus-8066-i_10396,true,bus-8064,8064,bus-8066,8066,0.00204461676,0.0783906064,0.0 + 0.0im,1.39,230.0,115.0,230.0,115.0,0,0,0.0,0.0
bus-7844-bus-7845-i_10281,true,bus-7844,7844,bus-7845,7845,0.00212043247,0.0807752311,0.0 + 0.0im,1.3489588449999999,230.0,115.0,230.0,115.0,0,0,0.0,0.0
bus-8708-bus-8707-i_10735,true,bus-8708,8708,bus-8707,8707,0.0103036866,0.257592165,0.0 + 0.0im,0.422811403,115.0,66.0,115.0,66.0,0,0,0.0,0.0
bus-7950-bus-7951-i_10336,true,bus-7950,7950,bus-7951,7951,0.000350220167,0.0254844944,0.0 + 0.0im,4.27670673,230.0,66.0,230.0,66.0,0,0,0.0,0.0
bus-8752-bus-8753-i_10760,true,bus-8752,8752,bus-8753,8753,0.00224005061,0.084527078,0.0 + 0.0im,1.2890750199999998,230.0,66.0,230.0,66.0,0,0,0.0,0.0
bus-8275-bus-8274-i_10507,true,bus-8275,8275,bus-8274,8274,0.029176668,0.7294167,0.0 + 0.0im,0.2,115.0,66.0,115.0,66.0,0,0,0.0,0.0
bus-8148-bus-8147-i_10439,true,bus-8148,8148,bus-8147,8147,0.0008879839,0.0466369144,0.0 + 0.0im,3.13,115.0,66.0,115.0,66.0,0,0,0.0,0.0
bus-8429-bus-8430-i_10590,true,bus-8429,8429,bus-8430,8430,0.00282704401,0.10279132,0.0 + 0.0im,1.06,230.0,66.0,230.0,66.0,0,0,0.0,0.0
bus-8703-bus-8702-i_10732,true,bus-8703,8703,bus-8702,8702,0.0003066867,0.0235843091,0.0 + 0.0im,6.19003325,500.0,230.0,500.0,230.0,0,0,0.0,0.0
bus-8306-bus-8305-i_10523,true,bus-8306,8306,bus-8305,8305,0.00953054317,0.238263579,0.0 + 0.0im,0.4571110065,115.0,66.0,115.0,66.0,0,0,0.0,0.0
bus-7859-bus-7858-i_10288,true,bus-7859,7859,bus-7858,7858,0.0108912905,0.272282261,0.0 + 0.0im,0.4,115.0,66.0,115.0,66.0,0,0,0.0,0.0
bus-7706-bus-7705-i_10207,true,bus-7706,7706,bus-7705,7705,0.0133469221,0.333673052,0.0 + 0.0im,0.32640605450000004,115.0,66.0,115.0,66.0,0,0,0.0,0.0
bus-8630-bus-8631-i_10695,true,bus-8630,8630,bus-8631,8631,0.000114872982,0.00918983856,0.0 + 0.0im,11.86,230.0,115.0,230.0,115.0,0,0,0.0,0.0
bus-8387-bus-8386-i_10566,true,bus-8387,8387,bus-8386,8386,0.029176668,0.7294167,0.0 + 0.0im,0.2,115.0,66.0,115.0,66.0,0,0,0.0,0.0
bus-8221-bus-8222-i_10478,true,bus-8221,8221,bus-8222,8222,0.00235546574,0.0881360957,0.0 + 0.0im,1.236282295,230.0,115.0,230.0,115.0,0,0,0.0,0.0
bus-7827-bus-7829-i_10272,true,bus-7827,7827,bus-7829,7829,0.00236834923,0.0885383417,0.0 + 0.0im,1.230664845,230.0,115.0,230.0,115.0,0,0,0.0,0.0
bus-8859-bus-8858-i_10817,true,bus-8859,8859,bus-8858,8858,0.0217825809,0.544564523,0.0 + 0.0im,0.2,115.0,66.0,115.0,66.0,0,0,0.0,0.0
bus-7647-bus-7646-i_10175,true,bus-7647,7647,bus-7646,7646,0.00379210991,0.130302904,0.0 + 0.0im,0.59,115.0,66.0,115.0,66.0,0,0,0.0,0.0
bus-8671-bus-8672-i_10716,true,bus-8671,8671,bus-8672,8672,0.000487672561,0.0294554227,0.0 + 0.0im,3.7,230.0,66.0,230.0,66.0,0,0,0.0,0.0
bus-7947-bus-7949-i_10334,true,bus-7947,7947,bus-7949,7949,0.00683987198,0.212846074,0.0 + 0.0im,0.51184295,230.0,66.0,230.0,66.0,0,0,0.0,0.0
bus-8589-bus-8590-i_10674,true,bus-8589,8589,bus-8590,8590,0.000968617402,0.0465711247,0.0 + 0.0im,2.34,230.0,66.0,230.0,66.0,0,0,0.0,0.0
bus-7931-bus-7930-i_10325,true,bus-7931,7931,bus-7930,7930,0.00686854791,0.223441225,0.0 + 0.0im,0.6531071799999999,115.0,66.0,115.0,66.0,0,0,0.0,0.0
bus-7904-bus-7906-i_10312,true,bus-7904,7904,bus-7906,7906,0.00020839695,0.0161771276,0.0 + 0.0im,6.73734915,230.0,115.0,230.0,115.0,0,0,0.0,0.0
bus-8080-bus-8079-i_10403,true,bus-8080,8080,bus-8079,8079,0.0150224696,0.37556174,0.0 + 0.0im,0.29,115.0,66.0,115.0,66.0,0,0,0.0,0.0
bus-8724-bus-8726-i_10745,true,bus-8724,8724,bus-8726,8726,0.000444124764,0.0285305749,0.0 + 0.0im,3.82,230.0,115.0,230.0,115.0,0,0,0.0,0.0
bus-8824-bus-8823-i_10799,true,bus-8824,8824,bus-8823,8823,0.00936225089,0.234056272,0.0 + 0.0im,0.465327861,115.0,66.0,115.0,66.0,0,0,0.0,0.0
bus-7668-bus-7667-i_10186,true,bus-7668,7668,bus-7667,7667,0.00683066513,0.212600039,0.0 + 0.0im,0.5124353899999999,115.0,66.0,115.0,66.0,0,0,0.0,0.0
bus-8248-bus-8249-i_10492,true,bus-8248,8248,bus-8249,8249,0.00314914111,0.11240355,0.0 + 0.0im,0.9693399100000001,230.0,115.0,230.0,115.0,0,0,0.0,0.0
bus-7829-bus-7828-i_10271,true,bus-7829,7829,bus-7828,7828,0.00288946646,0.104722131,0.0 + 0.0im,1.04045374,115.0,66.0,115.0,66.0,0,0,0.0,0.0
bus-8362-bus-8361-i_10553,true,bus-8362,8362,bus-8361,8361,0.000209035805,0.0165138286,0.0 + 0.0im,6.6,115.0,66.0,115.0,66.0,0,0,0.0,0.0
bus-8154-bus-8153-i_10442,true,bus-8154,8154,bus-8153,8153,0.00920696604,0.230174151,0.0 + 0.0im,0.473176089,115.0,66.0,115.0,66.0,0,0,0.0,0.0
bus-7898-bus-7899-i_10308,true,bus-7898,7898,bus-7899,7899,0.00403364105,0.149083373,0.0 + 0.0im,1.16,500.0,115.0,500.0,115.0,0,0,0.0,0.0
bus-8045-bus-8044-i_10385,true,bus-8045,8045,bus-8044,8044,0.0241402548,0.603506369,0.0 + 0.0im,0.241726264,115.0,66.0,115.0,66.0,0,0,0.0,0.0
bus-8795-bus-8794-i_10783,true,bus-8795,8795,bus-8794,8794,0.0217825809,0.544564523,0.0 + 0.0im,0.2,115.0,66.0,115.0,66.0,0,0,0.0,0.0
bus-8659-bus-8660-i_10710,true,bus-8659,8659,bus-8660,8660,0.00142980819,0.0601976579,0.0 + 0.0im,1.810191135,230.0,66.0,230.0,66.0,0,0,0.0,0.0
bus-8177-bus-8176-i_10454,true,bus-8177,8177,bus-8176,8176,0.00291908643,0.105637682,0.0 + 0.0im,1.03143506,115.0,66.0,115.0,66.0,0,0,0.0,0.0
bus-8138-bus-8137-i_10434,true,bus-8138,8138,bus-8137,8137,0.00563055101,0.180398553,0.0 + 0.0im,0.603923615,115.0,66.0,115.0,66.0,0,0,0.0,0.0
bus-7841-bus-7840-i_10278,true,bus-7841,7841,bus-7840,7840,0.00201828873,0.0775612136,0.0 + 0.0im,1.404866035,115.0,66.0,115.0,66.0,0,0,0.0,0.0
bus-8739-bus-8740-i_10753,true,bus-8739,8739,bus-8740,8740,0.000254056672,0.0190542504,0.0 + 0.0im,5.72,230.0,115.0,230.0,115.0,0,0,0.0,0.0
bus-7718-bus-7717-i_10213,true,bus-7718,7718,bus-7717,7717,0.0217825809,0.544564523,0.0 + 0.0im,0.2,115.0,66.0,115.0,66.0,0,0,0.0,0.0
bus-8105-bus-8104-i_10416,true,bus-8105,8105,bus-8104,8104,0.00395927447,0.134914989,0.0 + 0.0im,0.80756849,115.0,66.0,115.0,66.0,0,0,0.0,0.0
bus-7795-bus-7794-i_10254,true,bus-7795,7795,bus-7794,7794,0.00604642368,0.191589497,0.0 + 0.0im,0.5686416049999999,115.0,66.0,115.0,66.0,0,0,0.0,0.0
bus-7674-bus-7673-i_10190,true,bus-7674,7674,bus-7673,7673,0.00128465912,0.0558826717,0.0 + 0.0im,1.95,115.0,66.0,115.0,66.0,0,0,0.0,0.0
bus-8418-bus-8417-i_10582,true,bus-8418,8418,bus-8417,8417,0.00215932157,0.0819963509,0.0 + 0.0im,1.328866745,115.0,66.0,115.0,66.0,0,0,0.0,0.0
bus-8575-bus-8576-i_10667,true,bus-8575,8575,bus-8576,8576,0.0217825809,0.544564523,0.0 + 0.0im,0.2,230.0,66.0,230.0,66.0,0,0,0.0,0.0
bus-7997-bus-7998-i_10361,true,bus-7997,7997,bus-7998,7998,0.00173280343,0.0689655763,0.0 + 0.0im,1.58,230.0,66.0,230.0,66.0,0,0,0.0,0.0
bus-8191-bus-8192-i_10462,true,bus-8191,8191,bus-8192,8192,0.00178228929,0.0812010998,0.0 + 0.0im,2.13,500.0,115.0,500.0,115.0,0,0,0.0,0.0
bus-8364-bus-8363-i_10554,true,bus-8364,8364,bus-8363,8363,0.00475033329,0.156565088,0.0 + 0.0im,0.6958758500000001,115.0,66.0,115.0,66.0,0,0,0.0,0.0
bus-8602-bus-8601-i_10680,true,bus-8602,8602,bus-8601,8601,0.01620926,0.4052315,0.0 + 0.0im,0.36,115.0,66.0,115.0,66.0,0,0,0.0,0.0
bus-7819-bus-7820-i_10267,true,bus-7819,7819,bus-7820,7820,0.000705845498,0.0366330969,0.0 + 0.0im,2.9748992449999996,230.0,66.0,230.0,66.0,0,0,0.0,0.0
bus-8617-bus-8618-i_10688,true,bus-8617,8617,bus-8618,8618,0.000662353015,0.0347927839,0.0 + 0.0im,3.132266,230.0,115.0,230.0,115.0,0,0,0.0,0.0
bus-8486-bus-8487-i_10619,true,bus-8486,8486,bus-8487,8487,0.000390216371,0.0272712033,0.0 + 0.0im,3.9964809050000003,230.0,115.0,230.0,115.0,0,0,0.0,0.0
bus-7685-bus-7684-i_10196,true,bus-7685,7685,bus-7684,7684,0.0130384772,0.325961931,0.0 + 0.0im,0.33412768249999997,115.0,66.0,115.0,66.0,0,0,0.0,0.0
bus-8159-bus-8158-i_10444,true,bus-8159,8159,bus-8158,8158,0.00159349992,0.0649700477,0.0 + 0.0im,1.67719178,115.0,66.0,115.0,66.0,0,0,0.0,0.0
bus-7690-bus-7692-i_10200,true,bus-7690,7690,bus-7692,7692,0.000932760309,0.0454772659,0.0 + 0.0im,2.396297975,230.0,115.0,230.0,115.0,0,0,0.0,0.0
bus-8094-bus-8095-i_10411,true,bus-8094,8094,bus-8095,8095,0.0036615978,0.126691284,0.0 + 0.0im,0.86,230.0,66.0,230.0,66.0,0,0,0.0,0.0
bus-7742-bus-7741-i_10225,true,bus-7742,7742,bus-7741,7741,0.0217825809,0.544564523,0.0 + 0.0im,0.2,115.0,66.0,115.0,66.0,0,0,0.0,0.0
bus-8129-bus-8128-i_10429,true,bus-8129,8129,bus-8128,8128,0.029176668,0.7294167,0.0 + 0.0im,0.2,500.0,230.0,500.0,230.0,0,0,0.0,0.0
bus-8136-bus-8135-i_10433,true,bus-8136,8136,bus-8135,8135,0.00381625709,0.130970059,0.0 + 0.0im,0.831898205,115.0,66.0,115.0,66.0,0,0,0.0,0.0
bus-8743-bus-8742-i_10754,true,bus-8743,8743,bus-8742,8742,0.012967408,0.3241852,0.0 + 0.0im,0.45,115.0,66.0,115.0,66.0,0,0,0.0,0.0
bus-8327-bus-8326-i_10534,true,bus-8327,8327,bus-8326,8326,0.0174260647,0.435651618,0.0 + 0.0im,0.25,115.0,66.0,115.0,66.0,0,0,0.0,0.0
bus-8477-bus-8476-i_10613,true,bus-8477,8477,bus-8476,8476,0.00156919252,0.0642669783,0.0 + 0.0im,1.6955445199999999,115.0,66.0,115.0,66.0,0,0,0.0,0.0
bus-8622-bus-8621-i_10690,true,bus-8622,8622,bus-8621,8621,0.0134987355,0.337468389,0.0 + 0.0im,0.32273513049999997,115.0,66.0,115.0,66.0,0,0,0.0,0.0
bus-8049-bus-8048-i_10387,true,bus-8049,8049,bus-8048,8048,0.029176668,0.7294167,0.0 + 0.0im,0.2,115.0,66.0,115.0,66.0,0,0,0.0,0.0
bus-8053-bus-8052-i_10389,true,bus-8053,8053,bus-8052,8052,0.00468305772,0.154733576,0.0 + 0.0im,1.40822846,115.0,66.0,115.0,66.0,0,0,0.0,0.0
bus-8339-bus-8342-i_10542,true,bus-8339,8339,bus-8342,8342,6.17026072e-5,0.00493620858,0.0 + 0.0im,22.08,230.0,115.0,230.0,115.0,0,0,0.0,0.0
bus-8335-bus-8336-i_10539,true,bus-8335,8335,bus-8336,8336,0.000351334565,0.0255355441,0.0 + 0.0im,4.26815595,230.0,115.0,230.0,115.0,0,0,0.0,0.0
bus-8663-bus-8664-i_10712,true,bus-8663,8663,bus-8664,8664,0.000769756323,0.0393233398,0.0 + 0.0im,2.771359785,230.0,66.0,230.0,66.0,0,0,0.0,0.0
bus-8061-bus-8060-i_10393,true,bus-8061,8061,bus-8060,8060,0.0217825809,0.544564523,0.0 + 0.0im,0.2,115.0,66.0,115.0,66.0,0,0,0.0,0.0
bus-8043-bus-8042-i_10384,true,bus-8043,8043,bus-8042,8042,0.0040071798,0.144498903,0.0 + 0.0im,1.01,115.0,66.0,115.0,66.0,0,0,0.0,0.0
bus-8394-bus-8395-i_10570,true,bus-8394,8394,bus-8395,8395,0.00439354362,0.14683265,0.0 + 0.0im,0.7420096100000001,230.0,115.0,230.0,115.0,0,0,0.0,0.0
bus-8607-bus-8608-i_10683,true,bus-8607,8607,bus-8608,8608,0.00264938344,0.0972853598,0.0 + 0.0im,1.12,230.0,115.0,230.0,115.0,0,0,0.0,0.0
bus-7770-bus-7772-i_10240,true,bus-7770,7770,bus-7772,7772,0.00435771764,0.145852647,0.0 + 0.0im,0.7469962649999999,230.0,66.0,230.0,66.0,0,0,0.0,0.0
bus-8150-bus-8149-i_10440,true,bus-8150,8150,bus-8149,8149,0.0217825809,0.544564523,0.0 + 0.0im,0.2,115.0,66.0,115.0,66.0,0,0,0.0,0.0
bus-8217-bus-8218-i_10476,true,bus-8217,8217,bus-8218,8218,0.00098480247,0.0470612385,0.0 + 0.0im,2.315624195,230.0,115.0,230.0,115.0,0,0,0.0,0.0
bus-8215-bus-8216-i_10475,true,bus-8215,8215,bus-8216,8216,0.0217825809,0.544564523,0.0 + 0.0im,0.2,230.0,66.0,230.0,66.0,0,0,0.0,0.0
bus-8175-bus-8174-i_10453,true,bus-8175,8175,bus-8174,8174,0.00314641667,0.112327075,0.0 + 0.0im,0.97,115.0,66.0,115.0,66.0,0,0,0.0,0.0
bus-8016-bus-8017-i_10371,true,bus-8016,8016,bus-8017,8017,0.000511981496,0.0299406779,0.0 + 0.0im,3.64,230.0,66.0,230.0,66.0,0,0,0.0,0.0
bus-8254-bus-8253-i_10494,true,bus-8254,8254,bus-8253,8253,0.00207737245,0.0794215363,0.0 + 0.0im,1.371954485,115.0,66.0,115.0,66.0,0,0,0.0,0.0
bus-8841-bus-8840-i_10808,true,bus-8841,8841,bus-8840,8840,0.0217825809,0.544564523,0.0 + 0.0im,0.2,115.0,66.0,115.0,66.0,0,0,0.0,0.0
bus-8078-bus-8077-i_10402,true,bus-8078,8078,bus-8077,8077,0.029176668,0.7294167,0.0 + 0.0im,0.2,115.0,66.0,115.0,66.0,0,0,0.0,0.0
bus-7936-bus-7935-i_10327,true,bus-7936,7936,bus-7935,7935,0.00929223656,0.232305914,0.0 + 0.0im,0.46883397250000003,115.0,66.0,115.0,66.0,0,0,0.0,0.0
bus-8573-bus-8574-i_10666,true,bus-8573,8573,bus-8574,8574,0.000587151423,0.0315887466,0.0 + 0.0im,3.45,230.0,115.0,230.0,115.0,0,0,0.0,0.0
bus-8778-bus-8779-i_10775,true,bus-8778,8778,bus-8779,8779,0.000490080988,0.0295044396,0.0 + 0.0im,3.693849735,230.0,115.0,230.0,115.0,0,0,0.0,0.0
bus-8546-bus-8545-i_10652,true,bus-8546,8546,bus-8545,8545,0.0217825809,0.544564523,0.0 + 0.0im,0.2,115.0,66.0,115.0,66.0,0,0,0.0,0.0
bus-8070-bus-8069-i_10398,true,bus-8070,8070,bus-8069,8069,0.00294272386,0.111411525,0.0 + 0.0im,1.31,115.0,66.0,115.0,66.0,0,0,0.0,0.0
bus-8564-bus-8563-i_10661,true,bus-8564,8564,bus-8563,8563,0.029176668,0.7294167,0.0 + 0.0im,0.2,115.0,66.0,115.0,66.0,0,0,0.0,0.0
bus-8223-bus-8224-i_10479,true,bus-8223,8223,bus-8224,8224,0.00261012074,0.0960662518,0.0 + 0.0im,1.134215065,230.0,66.0,230.0,66.0,0,0,0.0,0.0
bus-8190-bus-8189-i_10461,true,bus-8190,8190,bus-8189,8189,0.029176668,0.7294167,0.0 + 0.0im,0.2,115.0,66.0,115.0,66.0,0,0,0.0,0.0
bus-8242-bus-8243-i_10489,true,bus-8242,8242,bus-8243,8243,0.0020568903,0.0787770171,0.0 + 0.0im,1.3831808799999998,230.0,115.0,230.0,115.0,0,0,0.0,0.0
bus-8106-bus-8108-i_10418,true,bus-8106,8106,bus-8108,8108,0.000353905907,0.0256531664,0.0 + 0.0im,4.248583855,230.0,115.0,230.0,115.0,0,0,0.0,0.0
bus-8756-bus-8755-i_10761,true,bus-8756,8756,bus-8755,8755,0.00374511785,0.136397192,0.0 + 0.0im,1.07,115.0,66.0,115.0,66.0,0,0,0.0,0.0
bus-8588-bus-8587-i_10673,true,bus-8588,8588,bus-8587,8587,0.00377055557,0.129707112,0.0 + 0.0im,0.84,115.0,66.0,115.0,66.0,0,0,0.0,0.0
bus-8870-bus-8869-i_10823,true,bus-8870,8870,bus-8869,8869,0.0167558315,0.418895787,0.0 + 0.0im,0.26,115.0,66.0,115.0,66.0,0,0,0.0,0.0
bus-7965-bus-7964-i_10343,true,bus-7965,7965,bus-7964,7964,0.00546081306,0.18504748,0.0 + 0.0im,0.788643375,115.0,66.0,115.0,66.0,0,0,0.0,0.0
bus-7800-bus-7802-i_10258,true,bus-7800,7800,bus-7802,7802,0.00368582805,0.12736255,0.0 + 0.0im,0.8554664150000001,230.0,115.0,230.0,115.0,0,0,0.0,0.0
bus-8475-bus-8477-i_10614,true,bus-8475,8475,bus-8477,8477,0.000925591254,0.0452571925,0.0 + 0.0im,2.40795341,230.0,115.0,230.0,115.0,0,0,0.0,0.0
bus-7850-bus-7851-i_10284,true,bus-7850,7850,bus-7851,7851,0.00413954619,0.139872732,0.0 + 0.0im,0.77893879,230.0,115.0,230.0,115.0,0,0,0.0,0.0
bus-8684-bus-8685-i_10723,true,bus-8684,8684,bus-8685,8685,0.0217825809,0.544564523,0.0 + 0.0im,0.2,230.0,115.0,230.0,115.0,0,0,0.0,0.0
bus-7897-bus-7896-i_10307,true,bus-7897,7897,bus-7896,7896,0.00413261745,0.13968247,0.0 + 0.0im,0.94,115.0,66.0,115.0,66.0,0,0,0.0,0.0
bus-8145-bus-8146-i_10438,true,bus-8145,8145,bus-8146,8146,0.00254429449,0.0940203251,0.0 + 0.0im,1.15889954,230.0,115.0,230.0,115.0,0,0,0.0,0.0
bus-7971-bus-7970-i_10348,true,bus-7971,7971,bus-7970,7970,0.000109666913,0.00877335307,0.0 + 0.0im,16.64,500.0,230.0,500.0,230.0,0,0,0.0,0.0
bus-7969-bus-7968-i_10345,true,bus-7969,7969,bus-7968,7968,0.0169800686,0.424501715,0.0 + 0.0im,0.343657834,115.0,66.0,115.0,66.0,0,0,0.0,0.0
bus-7906-bus-7905-i_10311,true,bus-7906,7906,bus-7905,7905,0.000272991382,0.0218235282,0.0 + 0.0im,4.99421873,115.0,66.0,115.0,66.0,0,0,0.0,0.0
bus-7963-bus-7962-i_10342,true,bus-7963,7963,bus-7962,7962,0.000273837422,0.0191686195,0.0 + 0.0im,7.6158382,500.0,230.0,500.0,230.0,0,0,0.0,0.0
bus-8207-bus-8208-i_10471,true,bus-8207,8207,bus-8208,8208,0.000270329671,0.021329011,0.0 + 0.0im,5.11,230.0,66.0,230.0,66.0,0,0,0.0,0.0
bus-7709-bus-7710-i_10209,true,bus-7709,7709,bus-7710,7710,0.000250121199,0.0187590899,0.0 + 0.0im,5.81,230.0,66.0,230.0,66.0,0,0,0.0,0.0
bus-7948-bus-7947-i_10335,true,bus-7948,7948,bus-7947,7947,0.000129126905,0.0103301524,0.0 + 0.0im,28.2645578,500.0,230.0,500.0,230.0,0,0,0.0,0.0
bus-8110-bus-8109-i_10419,true,bus-8110,8110,bus-8109,8109,0.0217825809,0.544564523,0.0 + 0.0im,0.2,115.0,66.0,115.0,66.0,0,0,0.0,0.0
bus-8227-bus-8226-i_10480,true,bus-8227,8227,bus-8226,8226,0.00163098578,0.0660507413,0.0 + 0.0im,1.64974355,115.0,66.0,115.0,66.0,0,0,0.0,0.0
bus-8000-bus-7999-i_10362,true,bus-8000,8000,bus-7999,7999,0.0217825809,0.544564523,0.0 + 0.0im,0.2,115.0,66.0,115.0,66.0,0,0,0.0,0.0
bus-7821-bus-7822-i_10268,true,bus-7821,7821,bus-7822,7822,0.00090630959,0.0446629366,0.0 + 0.0im,2.44,230.0,66.0,230.0,66.0,0,0,0.0,0.0
bus-7736-bus-7735-i_10222,true,bus-7736,7736,bus-7735,7735,0.0217825809,0.544564523,0.0 + 0.0im,0.2,115.0,66.0,115.0,66.0,0,0,0.0,0.0
bus-8800-bus-8799-i_10786,true,bus-8800,8800,bus-8799,8799,0.00406828001,0.137914692,0.0 + 0.0im,0.79,115.0,66.0,115.0,66.0,0,0,0.0,0.0
bus-8269-bus-8268-i_10505,true,bus-8269,8269,bus-8268,8268,9.48963827e-5,0.00759171061,0.0 + 0.0im,19.23,500.0,230.0,500.0,230.0,0,0,0.0,0.0
bus-8637-bus-8636-i_10698,true,bus-8637,8637,bus-8636,8636,0.00165306137,0.066685212,0.0 + 0.0im,1.6340433250000002,115.0,66.0,115.0,66.0,0,0,0.0,0.0
bus-8830-bus-8829-i_10802,true,bus-8830,8830,bus-8829,8829,0.00166237307,0.066952414,0.0 + 0.0im,1.62752036,115.0,66.0,115.0,66.0,0,0,0.0,0.0
bus-8236-bus-8237-i_10486,true,bus-8236,8236,bus-8237,8237,0.0031720725,0.113046998,0.0 + 0.0im,0.9638213849999999,230.0,115.0,230.0,115.0,0,0,0.0,0.0
bus-8764-bus-8763-i_10767,true,bus-8764,8764,bus-8763,8763,0.0233413344,0.58353336,0.0 + 0.0im,0.25,115.0,66.0,115.0,66.0,0,0,0.0,0.0
bus-8420-bus-8419-i_10586,true,bus-8420,8420,bus-8419,8419,0.000457904516,0.0336203119,0.0 + 0.0im,4.34221017,500.0,230.0,500.0,230.0,0,0,0.0,0.0
bus-8432-bus-8431-i_10591,true,bus-8432,8432,bus-8431,8431,0.0207453151,0.518632879,0.0 + 0.0im,0.21,115.0,66.0,115.0,66.0,0,0,0.0,0.0
bus-8816-bus-8815-i_10795,true,bus-8816,8816,bus-8815,8815,0.00289947371,0.105031499,0.0 + 0.0im,1.0373887050000001,115.0,66.0,115.0,66.0,0,0,0.0,0.0
bus-8084-bus-8085-i_10406,true,bus-8084,8084,bus-8085,8085,0.000301190481,0.0231908584,0.0 + 0.0im,4.699731525000001,230.0,115.0,230.0,115.0,0,0,0.0,0.0
bus-8130-bus-8132-i_10431,true,bus-8130,8130,bus-8132,8132,0.0217825809,0.544564523,0.0 + 0.0im,0.2,230.0,115.0,230.0,115.0,0,0,0.0,0.0
bus-8488-bus-8491-i_10621,true,bus-8488,8488,bus-8491,8491,0.00112127657,0.0511126792,0.0 + 0.0im,2.132030315,230.0,115.0,230.0,115.0,0,0,0.0,0.0
bus-7882-bus-7883-i_10300,true,bus-7882,7882,bus-7883,7883,0.00438049105,0.146475664,0.0 + 0.0im,0.7438183700000001,230.0,115.0,230.0,115.0,0,0,0.0,0.0
bus-8485-bus-8484-i_10618,true,bus-8485,8485,bus-8484,8484,0.029176668,0.7294167,0.0 + 0.0im,0.2,115.0,66.0,115.0,66.0,0,0,0.0,0.0
bus-7773-bus-7775-i_10243,true,bus-7773,7773,bus-7775,7775,0.00159847076,0.065113599,0.0 + 0.0im,1.6734932800000002,230.0,115.0,230.0,115.0,0,0,0.0,0.0
bus-7973-bus-7972-i_10346,true,bus-7973,7973,bus-7972,7972,0.0190595792,0.47648948,0.0 + 0.0im,0.30616277199999997,115.0,66.0,115.0,66.0,0,0,0.0,0.0
bus-8108-bus-8107-i_10417,true,bus-8108,8108,bus-8107,8107,0.00150412853,0.0685280958,0.0 + 0.0im,2.13,115.0,66.0,115.0,66.0,0,0,0.0,0.0
bus-8614-bus-8613-i_10686,true,bus-8614,8614,bus-8613,8613,0.00261012074,0.0960662518,0.0 + 0.0im,1.134215065,115.0,66.0,115.0,66.0,0,0,0.0,0.0
bus-8436-bus-8435-i_10593,true,bus-8436,8436,bus-8435,8435,0.00906068343,0.226517086,0.0 + 0.0im,0.48081540599999995,115.0,66.0,115.0,66.0,0,0,0.0,0.0
bus-8448-bus-8447-i_10599,true,bus-8448,8448,bus-8447,8447,0.00323074219,0.114691348,0.0 + 0.0im,0.95,115.0,66.0,115.0,66.0,0,0,0.0,0.0
bus-8832-bus-8831-i_10803,true,bus-8832,8832,bus-8831,8831,0.000499572452,0.0355196014,0.0 + 0.0im,4.11,500.0,230.0,500.0,230.0,0,0,0.0,0.0
bus-8712-bus-8711-i_10737,true,bus-8712,8712,bus-8711,8711,0.0182500622,0.456251555,0.0 + 0.0im,0.23871240149999998,115.0,66.0,115.0,66.0,0,0,0.0,0.0
bus-8319-bus-8318-i_10530,true,bus-8319,8319,bus-8318,8318,0.0217825809,0.544564523,0.0 + 0.0im,0.2,115.0,66.0,115.0,66.0,0,0,0.0,0.0
bus-8662-bus-8661-i_10711,true,bus-8662,8662,bus-8661,8661,0.029176668,0.7294167,0.0 + 0.0im,0.2,115.0,66.0,115.0,66.0,0,0,0.0,0.0
bus-7927-bus-7929-i_10323,true,bus-7927,7927,bus-7929,7929,6.03095869e-5,0.00482476695,0.0 + 0.0im,22.59,230.0,115.0,230.0,115.0,0,0,0.0,0.0
bus-8616-bus-8615-i_10687,true,bus-8616,8616,bus-8615,8615,0.029176668,0.7294167,0.0 + 0.0im,0.2,115.0,66.0,115.0,66.0,0,0,0.0,0.0
bus-8229-bus-8228-i_10482,true,bus-8229,8229,bus-8228,8228,0.0174260647,0.435651618,0.0 + 0.0im,0.25,115.0,66.0,115.0,66.0,0,0,0.0,0.0
bus-8381-bus-8380-i_10563,true,bus-8381,8381,bus-8380,8380,0.0217825809,0.544564523,0.0 + 0.0im,0.2,115.0,66.0,115.0,66.0,0,0,0.0,0.0
bus-8265-bus-8264-i_10501,true,bus-8265,8265,bus-8264,8264,0.0217825809,0.544564523,0.0 + 0.0im,0.2,115.0,66.0,115.0,66.0,0,0,0.0,0.0
bus-7967-bus-7966-i_10344,true,bus-7967,7967,bus-7966,7966,0.0185092524,0.46273131,0.0 + 0.0im,0.3152657635,115.0,66.0,115.0,66.0,0,0,0.0,0.0
bus-8168-bus-8169-i_10450,true,bus-8168,8168,bus-8169,8169,0.0217825809,0.544564523,0.0 + 0.0im,0.2,230.0,66.0,230.0,66.0,0,0,0.0,0.0
bus-7793-bus-7792-i_10253,true,bus-7793,7793,bus-7792,7792,0.00413261745,0.13968247,0.0 + 0.0im,0.78,115.0,66.0,115.0,66.0,0,0,0.0,0.0
bus-7659-bus-7661-i_10183,true,bus-7659,7659,bus-7661,7661,0.000884682248,0.0439921882,0.0 + 0.0im,2.4772117650000003,230.0,115.0,230.0,115.0,0,0,0.0,0.0
bus-7679-bus-7681-i_10194,true,bus-7679,7679,bus-7681,7681,0.000962804465,0.0463945565,0.0 + 0.0im,2.348907815,230.0,115.0,230.0,115.0,0,0,0.0,0.0
bus-7908-bus-7907-i_10313,true,bus-7908,7908,bus-7907,7907,0.000354737127,0.0267722931,0.0 + 0.0im,5.4529205,500.0,230.0,500.0,230.0,0,0,0.0,0.0
bus-7630-bus-7629-i_10166,true,bus-7630,7630,bus-7629,7629,0.0217825809,0.544564523,0.0 + 0.0im,0.2,115.0,66.0,115.0,66.0,0,0,0.0,0.0
bus-7689-bus-7688-i_10198,true,bus-7689,7689,bus-7688,7688,0.00377055557,0.129707112,0.0 + 0.0im,0.84,115.0,66.0,115.0,66.0,0,0,0.0,0.0
bus-8555-bus-8556-i_10657,true,bus-8555,8555,bus-8556,8556,0.00312394081,0.111695944,0.0 + 0.0im,0.9754820949999999,230.0,66.0,230.0,66.0,0,0,0.0,0.0
bus-8701-bus-8700-i_10731,true,bus-8701,8701,bus-8700,8700,0.0124471891,0.311179727,0.0 + 0.0im,0.35,115.0,66.0,115.0,66.0,0,0,0.0,0.0
bus-8713-bus-8714-i_10738,true,bus-8713,8713,bus-8714,8714,0.0136141131,0.340352827,0.0 + 0.0im,0.32,230.0,66.0,230.0,66.0,0,0,0.0,0.0
bus-7891-bus-7890-i_10304,true,bus-7891,7891,bus-7890,7890,0.0217825809,0.544564523,0.0 + 0.0im,0.2,115.0,66.0,115.0,66.0,0,0,0.0,0.0
bus-8409-bus-8408-i_10577,true,bus-8409,8409,bus-8408,8408,0.00444550404,0.156926292,0.0 + 0.0im,0.93,115.0,66.0,115.0,66.0,0,0,0.0,0.0
bus-7895-bus-7894-i_10306,true,bus-7895,7895,bus-7894,7894,0.0217825809,0.544564523,0.0 + 0.0im,0.2,115.0,66.0,115.0,66.0,0,0,0.0,0.0
bus-7784-bus-7783-i_10248,true,bus-7784,7784,bus-7783,7783,0.0217825809,0.544564523,0.0 + 0.0im,0.2,115.0,66.0,115.0,66.0,0,0,0.0,0.0
bus-8196-bus-8195-i_10464,true,bus-8196,8196,bus-8195,8195,0.0217825809,0.544564523,0.0 + 0.0im,0.2,115.0,66.0,115.0,66.0,0,0,0.0,0.0
bus-8076-bus-8075-i_10401,true,bus-8076,8076,bus-8075,8075,0.029176668,0.7294167,0.0 + 0.0im,0.2,115.0,66.0,115.0,66.0,0,0,0.0,0.0
bus-8673-bus-8675-i_10718,true,bus-8673,8673,bus-8675,8675,0.00158919846,0.0648457658,0.0 + 0.0im,1.68040704,230.0,115.0,230.0,115.0,0,0,0.0,0.0
bus-7956-bus-7957-i_10339,true,bus-7956,7956,bus-7957,7957,0.000310672937,0.0236422105,0.0 + 0.0im,9.22,230.0,115.0,230.0,115.0,0,0,0.0,0.0
bus-8199-bus-8201-i_10467,true,bus-8199,8199,bus-8201,8201,0.00118554727,0.0529755395,0.0 + 0.0im,2.057038325,230.0,115.0,230.0,115.0,0,0,0.0,0.0
bus-8492-bus-8493-i_10623,true,bus-8492,8492,bus-8493,8493,0.00074186386,0.0381511422,0.0 + 0.0im,2.8565173099999996,230.0,66.0,230.0,66.0,0,0,0.0,0.0
bus-8312-bus-8311-i_10526,true,bus-8312,8312,bus-8311,8311,0.00241680673,0.0900502188,0.0 + 0.0im,1.21,115.0,66.0,115.0,66.0,0,0,0.0,0.0
bus-8670-bus-8669-i_10715,true,bus-8670,8670,bus-8669,8669,0.0162648152,0.40662038,0.0 + 0.0im,0.267849104,115.0,66.0,115.0,66.0,0,0,0.0,0.0
bus-7725-bus-7726-i_10217,true,bus-7725,7725,bus-7726,7726,0.000421003554,0.0280072707,0.0 + 0.0im,3.891406935,230.0,66.0,230.0,66.0,0,0,0.0,0.0
bus-7874-bus-7875-i_10296,true,bus-7874,7874,bus-7875,7875,0.000670894833,0.0351548892,0.0 + 0.0im,3.1,230.0,66.0,230.0,66.0,0,0,0.0,0.0
bus-8279-bus-8278-i_10509,true,bus-8279,8279,bus-8278,8278,0.00334448569,0.123960647,0.0 + 0.0im,1.1773647,115.0,66.0,115.0,66.0,0,0,0.0,0.0
bus-7670-bus-7669-i_10188,true,bus-7670,7670,bus-7669,7669,0.0217825809,0.544564523,0.0 + 0.0im,0.2,115.0,66.0,115.0,66.0,0,0,0.0,0.0
bus-8438-bus-8437-i_10594,true,bus-8438,8438,bus-8437,8437,0.015966455,0.399161376,0.0 + 0.0im,0.27285431649999997,115.0,66.0,115.0,66.0,0,0,0.0,0.0
bus-7954-bus-7955-i_10338,true,bus-7954,7954,bus-7955,7955,0.00211199218,0.0805100255,0.0 + 0.0im,1.35340306,230.0,115.0,230.0,115.0,0,0,0.0,0.0
bus-8307-bus-8308-i_10524,true,bus-8307,8307,bus-8308,8308,0.0217825809,0.544564523,0.0 + 0.0im,0.2,230.0,115.0,230.0,115.0,0,0,0.0,0.0
bus-8786-bus-8787-i_10779,true,bus-8786,8786,bus-8787,8787,0.0217825809,0.544564523,0.0 + 0.0im,0.2,230.0,115.0,230.0,115.0,0,0,0.0,0.0
bus-7733-bus-7734-i_10221,true,bus-7733,7733,bus-7734,7734,0.00165663265,0.0774992987,0.0 + 0.0im,2.2317684349999998,500.0,66.0,500.0,66.0,0,0,0.0,0.0
bus-8640-bus-8641-i_10700,true,bus-8640,8640,bus-8641,8641,0.00179584859,0.0707564345,0.0 + 0.0im,1.54,230.0,66.0,230.0,66.0,0,0,0.0,0.0
bus-8426-bus-8425-i_10588,true,bus-8426,8426,bus-8425,8425,0.0026216766,0.0964251531,0.0 + 0.0im,1.12999286,115.0,66.0,115.0,66.0,0,0,0.0,0.0
bus-8510-bus-8509-i_10633,true,bus-8510,8510,bus-8509,8509,0.0217825809,0.544564523,0.0 + 0.0im,0.2,115.0,66.0,115.0,66.0,0,0,0.0,0.0
bus-7980-bus-7979-i_10352,true,bus-7980,7980,bus-7979,7979,0.00998895645,0.249723911,0.0 + 0.0im,0.43613326399999996,115.0,66.0,115.0,66.0,0,0,0.0,0.0
bus-8281-bus-8280-i_10510,true,bus-8281,8281,bus-8280,8280,0.029176668,0.7294167,0.0 + 0.0im,0.2,115.0,66.0,115.0,66.0,0,0,0.0,0.0
bus-8694-bus-8695-i_10728,true,bus-8694,8694,bus-8695,8695,0.00140771168,0.0595462042,0.0 + 0.0im,1.83,230.0,66.0,230.0,66.0,0,0,0.0,0.0
bus-7922-bus-7921-i_10320,true,bus-7922,7922,bus-7921,7921,0.0217825809,0.544564523,0.0 + 0.0im,0.2,115.0,66.0,115.0,66.0,0,0,0.0,0.0
bus-8027-bus-8026-i_10376,true,bus-8027,8027,bus-8026,8026,0.0217825809,0.544564523,0.0 + 0.0im,0.2,115.0,66.0,115.0,66.0,0,0,0.0,0.0
bus-8868-bus-8867-i_10822,true,bus-8868,8868,bus-8867,8867,0.00302917716,0.109030283,0.0 + 0.0im,0.9993366349999999,115.0,66.0,115.0,66.0,0,0,0.0,0.0
bus-8851-bus-8850-i_10813,true,bus-8851,8851,bus-8850,8850,0.0217825809,0.544564523,0.0 + 0.0im,0.2,115.0,66.0,115.0,66.0,0,0,0.0,0.0
bus-8332-bus-8331-i_10536,true,bus-8332,8332,bus-8331,8331,0.00192930355,0.0747526762,0.0 + 0.0im,1.457656375,115.0,66.0,115.0,66.0,0,0,0.0,0.0
bus-8383-bus-8382-i_10564,true,bus-8383,8383,bus-8382,8382,0.0217825809,0.544564523,0.0 + 0.0im,0.2,115.0,66.0,115.0,66.0,0,0,0.0,0.0
bus-7658-bus-7657-i_10180,true,bus-7658,7658,bus-7657,7657,0.00230891483,0.0920314046,0.0 + 0.0im,1.585915965,115.0,66.0,115.0,66.0,0,0,0.0,0.0
bus-7625-bus-7626-i_10164,true,bus-7625,7625,bus-7626,7626,0.000303237294,0.0232886242,0.0 + 0.0im,4.68,230.0,66.0,230.0,66.0,0,0,0.0,0.0
bus-8111-bus-8112-i_10420,true,bus-8111,8111,bus-8112,8112,0.000447519141,0.0286054235,0.0 + 0.0im,3.81,230.0,115.0,230.0,115.0,0,0,0.0,0.0
bus-8834-bus-8833-i_10805,true,bus-8834,8834,bus-8833,8833,0.00040088743,0.0309413367,0.0 + 0.0im,4.718210745,500.0,230.0,500.0,230.0,0,0,0.0,0.0
bus-8025-bus-8024-i_10375,true,bus-8025,8025,bus-8024,8024,0.00413261745,0.13968247,0.0 + 0.0im,0.78,115.0,66.0,115.0,66.0,0,0,0.0,0.0
bus-8012-bus-8011-i_10368,true,bus-8012,8012,bus-8011,8011,0.00523202088,0.169635194,0.0 + 0.0im,1.2844998699999999,115.0,66.0,115.0,66.0,0,0,0.0,0.0
bus-8639-bus-8638-i_10699,true,bus-8639,8639,bus-8638,8638,0.00103166569,0.0526974837,0.0 + 0.0im,2.77,115.0,66.0,115.0,66.0,0,0,0.0,0.0
bus-7785-bus-7787-i_10249,true,bus-7785,7785,bus-7787,7787,0.0010119828,0.0478794475,0.0 + 0.0im,2.27604258,230.0,66.0,230.0,66.0,0,0,0.0,0.0
bus-7847-bus-7846-i_10282,true,bus-7847,7847,bus-7846,7846,0.0217825809,0.544564523,0.0 + 0.0im,0.2,115.0,66.0,115.0,66.0,0,0,0.0,0.0
bus-8091-bus-8090-i_10409,true,bus-8091,8091,bus-8090,8090,0.00641753133,0.201545566,0.0 + 0.0im,0.54054667,115.0,66.0,115.0,66.0,0,0,0.0,0.0
bus-8828-bus-8827-i_10801,true,bus-8828,8828,bus-8827,8827,0.00305920481,0.109875779,0.0 + 0.0im,0.9916450849999999,115.0,66.0,115.0,66.0,0,0,0.0,0.0
bus-8474-bus-8473-i_10612,true,bus-8474,8474,bus-8473,8473,0.00582076399,0.185521881,0.0 + 0.0im,0.587242805,115.0,66.0,115.0,66.0,0,0,0.0,0.0
bus-7902-bus-7903-i_10310,true,bus-7902,7902,bus-7903,7903,0.00955088243,0.238772061,0.0 + 0.0im,0.4561375575,230.0,66.0,230.0,66.0,0,0,0.0,0.0
bus-7984-bus-7983-i_10354,true,bus-7984,7984,bus-7983,7983,0.00276282708,0.105761021,0.0 + 0.0im,1.38,500.0,230.0,500.0,230.0,0,0,0.0,0.0
bus-8006-bus-8005-i_10365,true,bus-8006,8006,bus-8005,8005,0.0181521508,0.453803769,0.0 + 0.0im,0.24,115.0,66.0,115.0,66.0,0,0,0.0,0.0
bus-8535-bus-8534-i_10646,true,bus-8535,8535,bus-8534,8534,0.000171509158,0.0137207326,0.0 + 0.0im,10.64,500.0,230.0,500.0,230.0,0,0,0.0,0.0
bus-8009-bus-8010-i_10367,true,bus-8009,8009,bus-8010,8010,0.0217825809,0.544564523,0.0 + 0.0im,0.2,230.0,66.0,230.0,66.0,0,0,0.0,0.0
bus-8374-bus-8375-i_10560,true,bus-8374,8374,bus-8375,8375,0.00515732256,0.167612983,0.0 + 0.0im,0.65,230.0,66.0,230.0,66.0,0,0,0.0,0.0
bus-8533-bus-8532-i_10645,true,bus-8533,8533,bus-8532,8532,0.0145217206,0.363043015,0.0 + 0.0im,0.3,115.0,66.0,115.0,66.0,0,0,0.0,0.0
bus-8055-bus-8054-i_10390,true,bus-8055,8055,bus-8054,8054,0.00918920939,0.229730235,0.0 + 0.0im,0.4740904245,115.0,66.0,115.0,66.0,0,0,0.0,0.0
bus-8852-bus-8853-i_10814,true,bus-8852,8852,bus-8853,8853,0.00656726823,0.205555496,0.0 + 0.0im,0.53,230.0,115.0,230.0,115.0,0,0,0.0,0.0
bus-8143-bus-8144-i_10437,true,bus-8143,8143,bus-8144,8144,0.00252605944,0.0934531032,0.0 + 0.0im,1.165934555,230.0,115.0,230.0,115.0,0,0,0.0,0.0
bus-8257-bus-8258-i_10497,true,bus-8257,8257,bus-8258,8258,0.00327432792,0.115911208,0.0 + 0.0im,0.94,230.0,115.0,230.0,115.0,0,0,0.0,0.0
bus-7943-bus-7944-i_10332,true,bus-7943,7943,bus-7944,7944,0.0198023463,0.495058657,0.0 + 0.0im,0.22,230.0,115.0,230.0,115.0,0,0,0.0,0.0
bus-8565-bus-8566-i_10662,true,bus-8565,8565,bus-8566,8566,0.00288594111,0.104613136,0.0 + 0.0im,1.041537915,230.0,66.0,230.0,66.0,0,0,0.0,0.0
bus-7743-bus-7744-i_10226,true,bus-7743,7743,bus-7744,7744,0.0217825809,0.544564523,0.0 + 0.0im,0.2,230.0,115.0,230.0,115.0,0,0,0.0,0.0
bus-8179-bus-8178-i_10456,true,bus-8179,8179,bus-8178,8178,0.0143033615,0.357584038,0.0 + 0.0im,0.407969385,500.0,230.0,500.0,230.0,0,0,0.0,0.0
bus-7839-bus-7841-i_10279,true,bus-7839,7839,bus-7841,7841,0.00040049969,0.0275223387,0.0 + 0.0im,3.96,230.0,115.0,230.0,115.0,0,0,0.0,0.0
bus-8804-bus-8803-i_10788,true,bus-8804,8804,bus-8803,8803,0.00968114707,0.242028677,0.0 + 0.0im,0.45,115.0,66.0,115.0,66.0,0,0,0.0,0.0
bus-8833-bus-8835-i_10804,true,bus-8833,8833,bus-8835,8835,0.00925515772,0.231378943,0.0 + 0.0im,0.4707122575,230.0,66.0,230.0,66.0,0,0,0.0,0.0
bus-8846-bus-8847-i_10811,true,bus-8846,8846,bus-8847,8847,0.0217825809,0.544564523,0.0 + 0.0im,0.2,230.0,66.0,230.0,66.0,0,0,0.0,0.0
bus-8453-bus-8454-i_10602,true,bus-8453,8453,bus-8454,8454,0.00302033403,0.108764299,0.0 + 0.0im,1.0017809,230.0,66.0,230.0,66.0,0,0,0.0,0.0
bus-8440-bus-8439-i_10595,true,bus-8440,8440,bus-8439,8439,0.029176668,0.7294167,0.0 + 0.0im,0.2,115.0,66.0,115.0,66.0,0,0,0.0,0.0
bus-8499-bus-8500-i_10627,true,bus-8499,8499,bus-8500,8500,0.00601847613,0.19083862,0.0 + 0.0im,0.570879395,230.0,115.0,230.0,115.0,0,0,0.0,0.0
bus-8635-bus-8634-i_10697,true,bus-8635,8635,bus-8634,8634,0.029176668,0.7294167,0.0 + 0.0im,0.2,115.0,66.0,115.0,66.0,0,0,0.0,0.0
bus-8498-bus-8497-i_10625,true,bus-8498,8498,bus-8497,8497,0.0217825809,0.544564523,0.0 + 0.0im,0.2,115.0,66.0,115.0,66.0,0,0,0.0,0.0
bus-8062-bus-8063-i_10394,true,bus-8062,8062,bus-8063,8063,0.00192147579,0.0745052084,0.0 + 0.0im,1.462498685,230.0,115.0,230.0,115.0,0,0,0.0,0.0
bus-8164-bus-8165-i_10448,true,bus-8164,8164,bus-8165,8165,0.00310561798,0.111181124,0.0 + 0.0im,0.98,230.0,115.0,230.0,115.0,0,0,0.0,0.0
bus-8102-bus-8103-i_10415,true,bus-8102,8102,bus-8103,8103,0.00121522962,0.0538271533,0.0 + 0.0im,2.0244844,230.0,66.0,230.0,66.0,0,0,0.0,0.0
bus-8645-bus-8644-i_10702,true,bus-8645,8645,bus-8644,8644,0.00175722997,0.0759458583,0.0 + 0.0im,1.921907755,500.0,230.0,500.0,230.0,0,0,0.0,0.0
bus-7855-bus-7854-i_10286,true,bus-7855,7855,bus-7854,7854,0.0217825809,0.544564523,0.0 + 0.0im,0.2,115.0,66.0,115.0,66.0,0,0,0.0,0.0
bus-8507-bus-8508-i_10632,true,bus-8507,8507,bus-8508,8508,0.0217825809,0.544564523,0.0 + 0.0im,0.2,230.0,66.0,230.0,66.0,0,0,0.0,0.0
bus-7886-bus-7887-i_10302,true,bus-7886,7886,bus-7887,7887,0.0217825809,0.544564523,0.0 + 0.0im,0.2,230.0,115.0,230.0,115.0,0,0,0.0,0.0
bus-8314-bus-8313-i_10527,true,bus-8314,8314,bus-8313,8313,0.0105972115,0.264930288,0.0 + 0.0im,0.4111002385,115.0,66.0,115.0,66.0,0,0,0.0,0.0
bus-8757-bus-8760-i_10764,true,bus-8757,8757,bus-8760,8760,0.000859848344,0.0430920424,0.0 + 0.0im,2.52896593,230.0,115.0,230.0,115.0,0,0,0.0,0.0
bus-7655-bus-7654-i_10179,true,bus-7655,7655,bus-7654,7654,0.000166786508,0.0133429206,0.0 + 0.0im,21.8825546,500.0,230.0,500.0,230.0,0,0,0.0,0.0
bus-8792-bus-8793-i_10782,true,bus-8792,8792,bus-8793,8793,0.0022966465,0.0862981001,0.0 + 0.0im,1.262616685,230.0,66.0,230.0,66.0,0,0,0.0,0.0
bus-7719-bus-7720-i_10214,true,bus-7719,7719,bus-7720,7720,0.00117403914,0.052643915,0.0 + 0.0im,2.07,230.0,66.0,230.0,66.0,0,0,0.0,0.0
bus-7810-bus-7809-i_10262,true,bus-7810,7810,bus-7809,7809,0.0217825809,0.544564523,0.0 + 0.0im,0.2,115.0,66.0,115.0,66.0,0,0,0.0,0.0
bus-8220-bus-8219-i_10477,true,bus-8220,8220,bus-8219,8219,0.000801955898,0.0429744854,0.0 + 0.0im,3.396773305,500.0,230.0,500.0,230.0,0,0,0.0,0.0
bus-8092-bus-8093-i_10410,true,bus-8092,8092,bus-8093,8093,0.00686865242,0.21361509,0.0 + 0.0im,0.51,230.0,115.0,230.0,115.0,0,0,0.0,0.0
bus-7814-bus-7813-i_10264,true,bus-7814,7814,bus-7813,7813,0.0217825809,0.544564523,0.0 + 0.0im,0.2,115.0,66.0,115.0,66.0,0,0,0.0,0.0
bus-8772-bus-8771-i_10771,true,bus-8772,8772,bus-8771,8771,0.0066608142,0.217808624,0.0 + 0.0im,0.67,115.0,66.0,115.0,66.0,0,0,0.0,0.0
bus-7786-bus-7785-i_10250,true,bus-7786,7786,bus-7785,7785,0.000372330387,0.0295589203,0.0 + 0.0im,4.93889551,500.0,230.0,500.0,230.0,0,0,0.0,0.0
bus-7926-bus-7925-i_10322,true,bus-7926,7926,bus-7925,7925,0.0217825809,0.544564523,0.0 + 0.0im,0.2,115.0,66.0,115.0,66.0,0,0,0.0,0.0
bus-8284-bus-8285-i_10512,true,bus-8284,8284,bus-8285,8285,0.00076483031,0.0391165233,0.0 + 0.0im,2.7860137099999998,230.0,115.0,230.0,115.0,0,0,0.0,0.0
bus-8496-bus-8498-i_10626,true,bus-8496,8496,bus-8498,8498,0.0012565334,0.0550361629,0.0 + 0.0im,1.98,230.0,115.0,230.0,115.0,0,0,0.0,0.0
bus-8860-bus-8862-i_10819,true,bus-8860,8860,bus-8862,8862,0.000267226745,0.020603182,0.0 + 0.0im,5.29,230.0,115.0,230.0,115.0,0,0,0.0,0.0
bus-8609-bus-8610-i_10684,true,bus-8609,8609,bus-8610,8610,0.0150224696,0.37556174,0.0 + 0.0im,0.29,230.0,66.0,230.0,66.0,0,0,0.0,0.0
bus-7678-bus-7677-i_10192,true,bus-7678,7678,bus-7677,7677,0.00230237733,0.0864772926,0.0 + 0.0im,1.26,115.0,66.0,115.0,66.0,0,0,0.0,0.0
bus-8134-bus-8133-i_10432,true,bus-8134,8134,bus-8133,8133,0.01620926,0.4052315,0.0 + 0.0im,0.36,115.0,66.0,115.0,66.0,0,0,0.0,0.0
bus-7757-bus-7756-i_10233,true,bus-7757,7757,bus-7756,7756,0.00598929826,0.190054514,0.0 + 0.0im,0.5732350900000001,115.0,66.0,115.0,66.0,0,0,0.0,0.0
bus-7656-bus-7658-i_10181,true,bus-7656,7656,bus-7658,7658,0.00221908857,0.083870475,0.0 + 0.0im,1.299168355,230.0,115.0,230.0,115.0,0,0,0.0,0.0
bus-8407-bus-8409-i_10578,true,bus-8407,8407,bus-8409,8409,0.000893795322,0.0442753717,0.0 + 0.0im,2.46136379,230.0,115.0,230.0,115.0,0,0,0.0,0.0
bus-7698-bus-7697-i_10203,true,bus-7698,7698,bus-7697,7697,0.00230237733,0.0864772926,0.0 + 0.0im,1.26,115.0,66.0,115.0,66.0,0,0,0.0,0.0
bus-7868-bus-7869-i_10293,true,bus-7868,7868,bus-7869,7869,0.000231653244,0.0177217361,0.0 + 0.0im,6.1501135,230.0,66.0,230.0,66.0,0,0,0.0,0.0
bus-8528-bus-8529-i_10643,true,bus-8528,8528,bus-8529,8529,0.0092468416,0.23117104,0.0 + 0.0im,0.4711355905,230.0,66.0,230.0,66.0,0,0,0.0,0.0
bus-8087-bus-8086-i_10407,true,bus-8087,8087,bus-8086,8086,0.0216123467,0.540308667,0.0 + 0.0im,0.27,115.0,66.0,115.0,66.0,0,0,0.0,0.0
bus-7802-bus-7801-i_10257,true,bus-7802,7802,bus-7801,7801,0.0217825809,0.544564523,0.0 + 0.0im,0.2,115.0,66.0,115.0,66.0,0,0,0.0,0.0
bus-7877-bus-7876-i_10297,true,bus-7877,7877,bus-7876,7876,0.0217825809,0.544564523,0.0 + 0.0im,0.2,115.0,66.0,115.0,66.0,0,0,0.0,0.0
bus-8675-bus-8674-i_10717,true,bus-8675,8675,bus-8674,8674,0.00124641783,0.0547308184,0.0 + 0.0im,1.991049075,115.0,66.0,115.0,66.0,0,0,0.0,0.0
bus-8688-bus-8689-i_10725,true,bus-8688,8688,bus-8689,8689,0.00192105783,0.0744919932,0.0 + 0.0im,1.4627581749999998,230.0,66.0,230.0,66.0,0,0,0.0,0.0
bus-8273-bus-8272-i_10506,true,bus-8273,8273,bus-8272,8272,0.00615650217,0.194545469,0.0 + 0.0im,0.56,115.0,66.0,115.0,66.0,0,0,0.0,0.0
bus-8202-bus-8203-i_10468,true,bus-8202,8202,bus-8203,8203,0.00267762371,0.0981616853,0.0 + 0.0im,1.11,230.0,115.0,230.0,115.0,0,0,0.0,0.0
bus-7830-bus-7831-i_10273,true,bus-7830,7830,bus-7831,7831,0.00138179873,0.0587798498,0.0 + 0.0im,1.853864795,230.0,66.0,230.0,66.0,0,0,0.0,0.0
bus-8762-bus-8761-i_10766,true,bus-8762,8762,bus-8761,8761,0.000755029078,0.041399791,0.0 + 0.0im,3.526001515,500.0,230.0,500.0,230.0,0,0,0.0,0.0
bus-7681-bus-7680-i_10193,true,bus-7681,7681,bus-7680,7680,0.00255519832,0.0943594033,0.0 + 0.0im,1.15473449,115.0,66.0,115.0,66.0,0,0,0.0,0.0
bus-7759-bus-7758-i_10234,true,bus-7759,7759,bus-7758,7758,0.00127202839,0.0555029672,0.0 + 0.0im,1.96334342,115.0,66.0,115.0,66.0,0,0,0.0,0.0
bus-8082-bus-8081-i_10405,true,bus-8082,8082,bus-8081,8081,0.000392539197,0.0305402577,0.0 + 0.0im,4.780180415,500.0,230.0,500.0,230.0,0,0,0.0,0.0
bus-8047-bus-8046-i_10386,true,bus-8047,8047,bus-8046,8046,0.029176668,0.7294167,0.0 + 0.0im,0.2,115.0,66.0,115.0,66.0,0,0,0.0,0.0
bus-8606-bus-8605-i_10682,true,bus-8606,8606,bus-8605,8605,0.00246535957,0.0915634546,0.0 + 0.0im,1.19,115.0,66.0,115.0,66.0,0,0,0.0,0.0
bus-8542-bus-8544-i_10651,true,bus-8542,8542,bus-8544,8544,0.00345890595,0.121061708,0.0 + 0.0im,1.8,230.0,115.0,230.0,115.0,0,0,0.0,0.0
bus-8480-bus-8481-i_10616,true,bus-8480,8480,bus-8481,8481,0.000235792365,0.0178966405,0.0 + 0.0im,6.09,230.0,66.0,230.0,66.0,0,0,0.0,0.0
bus-8182-bus-8181-i_10457,true,bus-8182,8182,bus-8181,8181,0.00093047406,0.0454071341,0.0 + 0.0im,2.4,115.0,66.0,115.0,66.0,0,0,0.0,0.0
bus-7848-bus-7849-i_10283,true,bus-7848,7848,bus-7849,7849,0.00192550824,0.0746326995,0.0 + 0.0im,1.46,230.0,66.0,230.0,66.0,0,0,0.0,0.0
bus-8632-bus-8633-i_10696,true,bus-8632,8632,bus-8633,8633,0.00314641667,0.112327075,0.0 + 0.0im,0.97,230.0,115.0,230.0,115.0,0,0,0.0,0.0
bus-8562-bus-8561-i_10660,true,bus-8562,8562,bus-8561,8561,0.000747138023,0.0383730088,0.0 + 0.0im,2.84,115.0,66.0,115.0,66.0,0,0,0.0,0.0
bus-8729-bus-8728-i_10746,true,bus-8729,8729,bus-8728,8728,0.00184961097,0.0722757557,0.0 + 0.0im,1.50761932,115.0,66.0,115.0,66.0,0,0,0.0,0.0
bus-8531-bus-8530-i_10644,true,bus-8531,8531,bus-8530,8530,0.0174047048,0.43511762,0.0 + 0.0im,0.25030681250000003,115.0,66.0,115.0,66.0,0,0,0.0,0.0
bus-8811-bus-8812-i_10793,true,bus-8811,8811,bus-8812,8812,0.015263422,0.381585551,0.0 + 0.0im,0.285421983,230.0,115.0,230.0,115.0,0,0,0.0,0.0
bus-8241-bus-8240-i_10488,true,bus-8241,8241,bus-8240,8240,0.0217825809,0.544564523,0.0 + 0.0im,0.2,115.0,66.0,115.0,66.0,0,0,0.0,0.0
bus-8233-bus-8232-i_10484,true,bus-8233,8233,bus-8232,8232,0.00425140921,0.142941434,0.0 + 0.0im,0.7622130149999999,115.0,66.0,115.0,66.0,0,0,0.0,0.0
bus-8623-bus-8625-i_10692,true,bus-8623,8623,bus-8625,8625,0.00947068735,0.236767184,0.0 + 0.0im,0.46,230.0,115.0,230.0,115.0,0,0,0.0,0.0
bus-7863-bus-7862-i_10290,true,bus-7863,7863,bus-7862,7862,0.00497279964,0.162610548,0.0 + 0.0im,0.67,115.0,66.0,115.0,66.0,0,0,0.0,0.0
bus-8390-bus-8391-i_10568,true,bus-8390,8390,bus-8391,8391,0.00309861433,0.110984267,0.0 + 0.0im,0.9817386349999999,230.0,115.0,230.0,115.0,0,0,0.0,0.0
bus-8398-bus-8399-i_10572,true,bus-8398,8398,bus-8399,8399,0.00276557094,0.100888028,0.0 + 0.0im,1.08,230.0,66.0,230.0,66.0,0,0,0.0,0.0
bus-8423-bus-8424-i_10587,true,bus-8423,8423,bus-8424,8424,0.0103846758,0.259616895,0.0 + 0.0im,0.419513933,230.0,115.0,230.0,115.0,0,0,0.0,0.0
bus-7799-bus-7798-i_10256,true,bus-7799,7799,bus-7798,7798,0.0217825809,0.544564523,0.0 + 0.0im,0.2,115.0,66.0,115.0,66.0,0,0,0.0,0.0
bus-8521-bus-8520-i_10639,true,bus-8521,8521,bus-8520,8520,0.020259136,0.506478401,0.0 + 0.0im,0.43007916799999996,115.0,66.0,115.0,66.0,0,0,0.0,0.0
bus-8458-bus-8457-i_10604,true,bus-8458,8458,bus-8457,8457,0.0034751091,0.128023019,0.0 + 0.0im,1.14,115.0,66.0,115.0,66.0,0,0,0.0,0.0
bus-8656-bus-8655-i_10708,true,bus-8656,8656,bus-8655,8655,0.0103036866,0.257592165,0.0 + 0.0im,0.422811403,115.0,66.0,115.0,66.0,0,0,0.0,0.0
bus-7761-bus-7760-i_10235,true,bus-7761,7761,bus-7760,7760,0.029176668,0.7294167,0.0 + 0.0im,0.2,500.0,230.0,500.0,230.0,0,0,0.0,0.0
bus-7920-bus-7919-i_10319,true,bus-7920,7920,bus-7919,7919,0.00484536136,0.168056301,0.0 + 0.0im,0.8683956150000001,500.0,230.0,500.0,230.0,0,0,0.0,0.0
bus-8460-bus-8459-i_10605,true,bus-8460,8460,bus-8459,8459,0.00141157101,0.059660119,0.0 + 0.0im,1.82650496,115.0,66.0,115.0,66.0,0,0,0.0,0.0
bus-8735-bus-8736-i_10751,true,bus-8735,8735,bus-8736,8736,0.000255396163,0.0191547122,0.0 + 0.0im,5.69,230.0,66.0,230.0,66.0,0,0,0.0,0.0
bus-8252-bus-8254-i_10495,true,bus-8252,8252,bus-8254,8254,0.00209958393,0.0801200224,0.0 + 0.0im,1.3599920399999998,230.0,115.0,230.0,115.0,0,0,0.0,0.0
bus-8342-bus-8341-i_10541,true,bus-8342,8342,bus-8341,8341,6.16467677e-5,0.00493174142,0.0 + 0.0im,22.1,115.0,66.0,115.0,66.0,0,0,0.0,0.0
bus-8427-bus-8428-i_10589,true,bus-8427,8427,bus-8428,8428,0.0217825809,0.544564523,0.0 + 0.0im,0.2,230.0,66.0,230.0,66.0,0,0,0.0,0.0
bus-7661-bus-7660-i_10182,true,bus-7661,7661,bus-7660,7660,0.00173070105,0.0689056783,0.0 + 0.0im,1.5813738000000002,115.0,66.0,115.0,66.0,0,0,0.0,0.0
bus-8627-bus-8626-i_10693,true,bus-8627,8627,bus-8626,8626,0.0217825809,0.544564523,0.0 + 0.0im,0.2,115.0,66.0,115.0,66.0,0,0,0.0,0.0
bus-8041-bus-8040-i_10383,true,bus-8041,8041,bus-8040,8040,0.029176668,0.7294167,0.0 + 0.0im,0.2,500.0,230.0,500.0,230.0,0,0,0.0,0.0
bus-8541-bus-8540-i_10649,true,bus-8541,8541,bus-8540,8540,0.029176668,0.7294167,0.0 + 0.0im,0.2,115.0,66.0,115.0,66.0,0,0,0.0,0.0
bus-8677-bus-8676-i_10719,true,bus-8677,8677,bus-8676,8676,0.029176668,0.7294167,0.0 + 0.0im,0.2,115.0,66.0,115.0,66.0,0,0,0.0,0.0
bus-8506-bus-8505-i_10629,true,bus-8506,8506,bus-8505,8505,0.00959176778,0.239794194,0.0 + 0.0im,0.45419325,115.0,66.0,115.0,66.0,0,0,0.0,0.0
bus-7627-bus-7628-i_10165,true,bus-7627,7627,bus-7628,7628,0.000427735823,0.0281621266,0.0 + 0.0im,3.87,230.0,66.0,230.0,66.0,0,0,0.0,0.0
bus-8302-bus-8301-i_10521,true,bus-8302,8302,bus-8301,8301,0.00590686108,0.187838182,0.0 + 0.0im,0.58,115.0,66.0,115.0,66.0,0,0,0.0,0.0
bus-8504-bus-8503-i_10631,true,bus-8504,8504,bus-8503,8503,0.000277738749,0.0201638331,0.0 + 0.0im,7.24,500.0,230.0,500.0,230.0,0,0,0.0,0.0
bus-7842-bus-7843-i_10280,true,bus-7842,7842,bus-7843,7843,0.00345890595,0.121061708,0.0 + 0.0im,0.9,230.0,66.0,230.0,66.0,0,0,0.0,0.0
bus-7671-bus-7672-i_10189,true,bus-7671,7671,bus-7672,7672,0.0217825809,0.544564523,0.0 + 0.0im,0.2,230.0,115.0,230.0,115.0,0,0,0.0,0.0
bus-7682-bus-7683-i_10195,true,bus-7682,7682,bus-7683,7683,0.00318811513,0.113496899,0.0 + 0.0im,1.92,230.0,66.0,230.0,66.0,0,0,0.0,0.0
bus-8625-bus-8624-i_10691,true,bus-8625,8625,bus-8624,8624,0.029176668,0.7294167,0.0 + 0.0im,0.2,115.0,66.0,115.0,66.0,0,0,0.0,0.0
bus-8741-bus-8743-i_10755,true,bus-8741,8741,bus-8743,8743,0.00106510914,0.0494619868,0.0 + 0.0im,2.203201765,230.0,115.0,230.0,115.0,0,0,0.0,0.0
bus-8465-bus-8466-i_10608,true,bus-8465,8465,bus-8466,8466,0.0189413747,0.473534367,0.0 + 0.0im,0.23,230.0,66.0,230.0,66.0,0,0,0.0,0.0
bus-7994-bus-7993-i_10359,true,bus-7994,7994,bus-7993,7993,0.0217825809,0.544564523,0.0 + 0.0im,0.2,115.0,66.0,115.0,66.0,0,0,0.0,0.0
bus-8099-bus-8098-i_10413,true,bus-8099,8099,bus-8098,8098,0.014053278,0.35133195,0.0 + 0.0im,0.31,115.0,66.0,115.0,66.0,0,0,0.0,0.0
bus-8857-bus-8856-i_10816,true,bus-8857,8857,bus-8856,8856,0.00276557094,0.100888028,0.0 + 0.0im,1.08,115.0,66.0,115.0,66.0,0,0,0.0,0.0
bus-8377-bus-8376-i_10561,true,bus-8377,8377,bus-8376,8376,0.00427031935,0.152023369,0.0 + 0.0im,0.96,115.0,66.0,115.0,66.0,0,0,0.0,0.0
bus-7808-bus-7807-i_10261,true,bus-7808,7808,bus-7807,7807,0.000823327059,0.0415672818,0.0 + 0.0im,2.621740465,115.0,66.0,115.0,66.0,0,0,0.0,0.0
bus-8838-bus-8839-i_10807,true,bus-8838,8838,bus-8839,8839,0.00258115425,0.0951662704,0.0 + 0.0im,1.144942735,230.0,66.0,230.0,66.0,0,0,0.0,0.0
bus-8118-bus-8117-i_10423,true,bus-8118,8118,bus-8117,8117,0.00232955987,0.0873269013,0.0 + 0.0im,1.24773965,115.0,66.0,115.0,66.0,0,0,0.0,0.0
bus-8266-bus-8267-i_10502,true,bus-8266,8266,bus-8267,8267,0.00056663112,0.0309607244,0.0 + 0.0im,3.52,230.0,115.0,230.0,115.0,0,0,0.0,0.0
bus-7881-bus-7880-i_10299,true,bus-7881,7881,bus-7880,7880,0.0145217206,0.363043015,0.0 + 0.0im,0.3,115.0,66.0,115.0,66.0,0,0,0.0,0.0
bus-8747-bus-8746-i_10757,true,bus-8747,8747,bus-8746,8746,0.00236439265,0.0936101509,0.0 + 0.0im,1.5591626550000002,500.0,230.0,500.0,230.0,0,0,0.0,0.0
bus-8654-bus-8653-i_10707,true,bus-8654,8654,bus-8653,8653,0.0128132829,0.320332072,0.0 + 0.0im,0.34,115.0,66.0,115.0,66.0,0,0,0.0,0.0
bus-8720-bus-8719-i_10741,true,bus-8720,8720,bus-8719,8719,0.0217825809,0.544564523,0.0 + 0.0im,0.2,115.0,66.0,115.0,66.0,0,0,0.0,0.0
bus-8315-bus-8317-i_10529,true,bus-8315,8315,bus-8317,8317,0.000353598674,0.0256391249,0.0 + 0.0im,4.2509109050000005,230.0,115.0,230.0,115.0,0,0,0.0,0.0
bus-8389-bus-8388-i_10567,true,bus-8389,8389,bus-8388,8388,0.0217825809,0.544564523,0.0 + 0.0im,0.2,115.0,66.0,115.0,66.0,0,0,0.0,0.0
bus-8115-bus-8116-i_10422,true,bus-8115,8115,bus-8116,8116,0.00068908941,0.035925081,0.0 + 0.0im,3.033533975,230.0,66.0,230.0,66.0,0,0,0.0,0.0
bus-8385-bus-8384-i_10565,true,bus-8385,8385,bus-8384,8384,0.00501290111,0.163698588,0.0 + 0.0im,0.665545925,115.0,66.0,115.0,66.0,0,0,0.0,0.0
bus-7992-bus-7991-i_10358,true,bus-7992,7992,bus-7991,7991,0.00125415364,0.0549643716,0.0 + 0.0im,1.9825867750000001,115.0,66.0,115.0,66.0,0,0,0.0,0.0
bus-8687-bus-8686-i_10724,true,bus-8687,8687,bus-8686,8686,0.00890156512,0.222539128,0.0 + 0.0im,0.48941013400000005,115.0,66.0,115.0,66.0,0,0,0.0,0.0
bus-8140-bus-8139-i_10435,true,bus-8140,8140,bus-8139,8139,0.00969135404,0.242283851,0.0 + 0.0im,0.449526058,115.0,66.0,115.0,66.0,0,0,0.0,0.0
bus-7651-bus-7650-i_10177,true,bus-7651,7651,bus-7650,7650,0.0113605212,0.284013029,0.0 + 0.0im,0.3834785495,115.0,66.0,115.0,66.0,0,0,0.0,0.0
bus-8371-bus-8370-i_10557,true,bus-8371,8371,bus-8370,8370,0.00702860209,0.217886665,0.0 + 0.0im,0.5,115.0,66.0,115.0,66.0,0,0,0.0,0.0
bus-7816-bus-7815-i_10265,true,bus-7816,7816,bus-7815,7815,0.0161574114,0.403935286,0.0 + 0.0im,0.2696295875,115.0,66.0,115.0,66.0,0,0,0.0,0.0
bus-8008-bus-8007-i_10366,true,bus-8008,8008,bus-8007,8007,0.00133322144,0.0573359974,0.0 + 0.0im,1.9005607150000001,115.0,66.0,115.0,66.0,0,0,0.0,0.0
bus-8578-bus-8577-i_10668,true,bus-8578,8578,bus-8577,8577,0.00266656336,0.0978185235,0.0 + 0.0im,1.11389457,115.0,66.0,115.0,66.0,0,0,0.0,0.0
bus-8515-bus-8514-i_10636,true,bus-8515,8515,bus-8514,8514,0.0217825809,0.544564523,0.0 + 0.0im,0.2,115.0,66.0,115.0,66.0,0,0,0.0,0.0
bus-8292-bus-8294-i_10517,true,bus-8292,8292,bus-8294,8294,0.00153770472,0.0633534343,0.0 + 0.0im,1.72,230.0,115.0,230.0,115.0,0,0,0.0,0.0
bus-8461-bus-8462-i_10606,true,bus-8461,8461,bus-8462,8462,0.00109889698,0.0504576151,0.0 + 0.0im,2.15971681,230.0,115.0,230.0,115.0,0,0,0.0,0.0
bus-8865-bus-8866-i_10821,true,bus-8865,8865,bus-8866,8866,0.00362950292,0.125801595,0.0 + 0.0im,0.86608332,230.0,66.0,230.0,66.0,0,0,0.0,0.0
bus-8294-bus-8293-i_10516,true,bus-8294,8294,bus-8293,8293,0.0055639215,0.17860188,0.0 + 0.0im,0.61,115.0,66.0,115.0,66.0,0,0,0.0,0.0
bus-8298-bus-8297-i_10519,true,bus-8298,8298,bus-8297,8297,0.0217825809,0.544564523,0.0 + 0.0im,0.2,115.0,66.0,115.0,66.0,0,0,0.0,0.0
bus-8657-bus-8658-i_10709,true,bus-8657,8657,bus-8658,8658,0.00138311529,0.0588188492,0.0 + 0.0im,1.85263531,230.0,66.0,230.0,66.0,0,0,0.0,0.0
bus-8526-bus-8527-i_10642,true,bus-8526,8526,bus-8527,8527,0.00440812342,0.147231322,0.0 + 0.0im,0.74,230.0,66.0,230.0,66.0,0,0,0.0,0.0
bus-8734-bus-8733-i_10750,true,bus-8734,8734,bus-8733,8733,0.00567431335,0.181578027,0.0 + 0.0im,0.6,115.0,66.0,115.0,66.0,0,0,0.0,0.0
bus-7713-bus-7714-i_10211,true,bus-7713,7713,bus-7714,7714,0.00230060158,0.0864217708,0.0 + 0.0im,1.260809605,230.0,115.0,230.0,115.0,0,0,0.0,0.0
bus-8127-bus-8126-i_10428,true,bus-8127,8127,bus-8126,8126,0.0217825809,0.544564523,0.0 + 0.0im,0.2,115.0,66.0,115.0,66.0,0,0,0.0,0.0
bus-7974-bus-7976-i_10349,true,bus-7974,7974,bus-7976,7976,0.000924210392,0.0452147493,0.0 + 0.0im,2.41021432,230.0,66.0,230.0,66.0,0,0,0.0,0.0
bus-8350-bus-8349-i_10547,true,bus-8350,8350,bus-8349,8349,0.014053278,0.35133195,0.0 + 0.0im,0.31,115.0,66.0,115.0,66.0,0,0,0.0,0.0
bus-8039-bus-8038-i_10382,true,bus-8039,8039,bus-8038,8038,0.0217825809,0.544564523,0.0 + 0.0im,0.2,115.0,66.0,115.0,66.0,0,0,0.0,0.0
bus-8171-bus-8170-i_10451,true,bus-8171,8171,bus-8170,8170,0.0217825809,0.544564523,0.0 + 0.0im,0.2,115.0,66.0,115.0,66.0,0,0,0.0,0.0
bus-8396-bus-8397-i_10571,true,bus-8396,8396,bus-8397,8397,0.00907607538,0.226901884,0.0 + 0.0im,0.48,230.0,115.0,230.0,115.0,0,0,0.0,0.0
bus-7857-bus-7856-i_10287,true,bus-7857,7857,bus-7856,7856,0.00360908827,0.125235363,0.0 + 0.0im,0.87,115.0,66.0,115.0,66.0,0,0,0.0,0.0
bus-8412-bus-8413-i_10580,true,bus-8412,8412,bus-8413,8413,0.000269596579,0.0211633314,0.0 + 0.0im,5.15,230.0,66.0,230.0,66.0,0,0,0.0,0.0
bus-7790-bus-7791-i_10252,true,bus-7790,7790,bus-7791,7791,0.000988595768,0.04717579,0.0 + 0.0im,2.31,230.0,115.0,230.0,115.0,0,0,0.0,0.0
bus-7666-bus-7668-i_10187,true,bus-7666,7666,bus-7668,7668,0.00386269779,0.132252254,0.0 + 0.0im,0.82383124,230.0,115.0,230.0,115.0,0,0,0.0,0.0
bus-8456-bus-8455-i_10603,true,bus-8456,8456,bus-8455,8455,0.014053278,0.35133195,0.0 + 0.0im,0.31,115.0,66.0,115.0,66.0,0,0,0.0,0.0
bus-7872-bus-7873-i_10295,true,bus-7872,7872,bus-7873,7873,0.00409191065,0.138564212,0.0 + 0.0im,0.7862961300000001,230.0,115.0,230.0,115.0,0,0,0.0,0.0
bus-8643-bus-8642-i_10701,true,bus-8643,8643,bus-8642,8642,0.029176668,0.7294167,0.0 + 0.0im,0.2,115.0,66.0,115.0,66.0,0,0,0.0,0.0
bus-8446-bus-8445-i_10598,true,bus-8446,8446,bus-8445,8445,0.0217825809,0.544564523,0.0 + 0.0im,0.2,115.0,66.0,115.0,66.0,0,0,0.0,0.0
bus-7665-bus-7664-i_10185,true,bus-7665,7665,bus-7664,7664,0.00614202677,0.194156895,0.0 + 0.0im,0.56112095,115.0,66.0,115.0,66.0,0,0,0.0,0.0
bus-7861-bus-7860-i_10289,true,bus-7861,7861,bus-7860,7860,0.0217825809,0.544564523,0.0 + 0.0im,0.2,115.0,66.0,115.0,66.0,0,0,0.0,0.0
bus-8723-bus-8722-i_10742,true,bus-8723,8723,bus-8722,8722,0.00687780717,0.213859679,0.0 + 0.0im,0.50941662,115.0,66.0,115.0,66.0,0,0,0.0,0.0
bus-8410-bus-8411-i_10579,true,bus-8410,8410,bus-8411,8411,0.0135204551,0.338011378,0.0 + 0.0im,0.322216681,230.0,66.0,230.0,66.0,0,0,0.0,0.0
bus-8352-bus-8351-i_10548,true,bus-8352,8352,bus-8351,8351,0.00651991543,0.204287819,0.0 + 0.0im,0.533289405,115.0,66.0,115.0,66.0,0,0,0.0,0.0
bus-8730-bus-8732-i_10749,true,bus-8730,8730,bus-8732,8732,0.00103505719,0.0485694393,0.0 + 0.0im,2.243700125,230.0,115.0,230.0,115.0,0,0,0.0,0.0
bus-8234-bus-8235-i_10485,true,bus-8234,8234,bus-8235,8235,0.00178924867,0.0705694326,0.0 + 0.0im,1.544081875,230.0,115.0,230.0,115.0,0,0,0.0,0.0
bus-7870-bus-7871-i_10294,true,bus-7870,7870,bus-7871,7871,0.000867658394,0.043417626,0.0 + 0.0im,2.51,230.0,66.0,230.0,66.0,0,0,0.0,0.0
bus-7892-bus-7893-i_10305,true,bus-7892,7892,bus-7893,7893,0.00181218265,0.071218778,0.0 + 0.0im,1.53,230.0,66.0,230.0,66.0,0,0,0.0,0.0
bus-8511-bus-8513-i_10635,true,bus-8511,8511,bus-8513,8513,0.000876230367,0.04372882,0.0 + 0.0im,2.492135025,230.0,115.0,230.0,115.0,0,0,0.0,0.0
bus-8251-bus-8250-i_10493,true,bus-8251,8251,bus-8250,8250,0.0217825809,0.544564523,0.0 + 0.0im,0.2,115.0,66.0,115.0,66.0,0,0,0.0,0.0
bus-8018-bus-8019-i_10372,true,bus-8018,8018,bus-8019,8019,0.000827505383,0.0417419225,0.0 + 0.0im,2.610770685,230.0,66.0,230.0,66.0,0,0,0.0,0.0
bus-7924-bus-7923-i_10321,true,bus-7924,7924,bus-7923,7923,0.0217825809,0.544564523,0.0 + 0.0im,0.2,115.0,66.0,115.0,66.0,0,0,0.0,0.0
bus-8161-bus-8160-i_10446,true,bus-8161,8161,bus-8160,8160,0.00257556407,0.094992528,0.0 + 0.0im,1.1470371350000002,115.0,66.0,115.0,66.0,0,0,0.0,0.0
bus-8188-bus-8187-i_10460,true,bus-8188,8188,bus-8187,8187,0.00110334994,0.0557000544,0.0 + 0.0im,2.62066825,500.0,230.0,500.0,230.0,0,0,0.0,0.0
bus-8213-bus-8214-i_10474,true,bus-8213,8213,bus-8214,8214,0.00642514543,0.201749567,0.0 + 0.0im,0.54,230.0,66.0,230.0,66.0,0,0,0.0,0.0
bus-8323-bus-8322-i_10532,true,bus-8323,8323,bus-8322,8322,0.0217825809,0.544564523,0.0 + 0.0im,0.2,115.0,66.0,115.0,66.0,0,0,0.0,0.0
bus-7728-bus-7727-i_10218,true,bus-7728,7728,bus-7727,7727,0.00505506189,0.164841964,0.0 + 0.0im,0.56,115.0,66.0,115.0,66.0,0,0,0.0,0.0
bus-8805-bus-8807-i_10789,true,bus-8805,8805,bus-8807,8807,0.000241186113,0.0181227455,0.0 + 0.0im,12.028017400000001,230.0,66.0,230.0,66.0,0,0,0.0,0.0
bus-8330-bus-8332-i_10537,true,bus-8330,8330,bus-8332,8332,0.00234412927,0.0877820511,0.0 + 0.0im,1.241269205,230.0,115.0,230.0,115.0,0,0,0.0,0.0
bus-8495-bus-8494-i_10624,true,bus-8495,8495,bus-8494,8494,0.00937237553,0.234309388,0.0 + 0.0im,0.46482518399999995,115.0,66.0,115.0,66.0,0,0,0.0,0.0
bus-7739-bus-7740-i_10224,true,bus-7739,7739,bus-7740,7740,0.000296070431,0.0229454584,0.0 + 0.0im,4.75,230.0,66.0,230.0,66.0,0,0,0.0,0.0
bus-8256-bus-8255-i_10496,true,bus-8256,8256,bus-8255,8255,0.0189078192,0.472695479,0.0 + 0.0im,0.230408179,115.0,66.0,115.0,66.0,0,0,0.0,0.0
bus-8727-bus-8729-i_10747,true,bus-8727,8727,bus-8729,8729,0.00406828001,0.137914692,0.0 + 0.0im,0.79,230.0,115.0,230.0,115.0,0,0,0.0,0.0
bus-8788-bus-8789-i_10780,true,bus-8788,8788,bus-8789,8789,0.00179584859,0.0707564345,0.0 + 0.0im,1.54,230.0,115.0,230.0,115.0,0,0,0.0,0.0
bus-8261-bus-8263-i_10499,true,bus-8261,8261,bus-8263,8263,0.00126580019,0.0553154683,0.0 + 0.0im,1.97,230.0,66.0,230.0,66.0,0,0,0.0,0.0
bus-8691-bus-8690-i_10726,true,bus-8691,8691,bus-8690,8690,0.029176668,0.7294167,0.0 + 0.0im,0.2,115.0,66.0,115.0,66.0,0,0,0.0,0.0
bus-8785-bus-8784-i_10778,true,bus-8785,8785,bus-8784,8784,0.0217825809,0.544564523,0.0 + 0.0im,0.2,115.0,66.0,115.0,66.0,0,0,0.0,0.0
bus-8774-bus-8773-i_10772,true,bus-8774,8774,bus-8773,8773,0.00260093171,0.100656057,0.0 + 0.0im,1.45,115.0,66.0,115.0,66.0,0,0,0.0,0.0
bus-8325-bus-8324-i_10533,true,bus-8325,8325,bus-8324,8324,0.0190749778,0.476874445,0.0 + 0.0im,0.22838905650000002,115.0,66.0,115.0,66.0,0,0,0.0,0.0
bus-8057-bus-8056-i_10391,true,bus-8057,8057,bus-8056,8056,0.00879652442,0.275331214,0.0 + 0.0im,0.53,115.0,66.0,115.0,66.0,0,0,0.0,0.0
bus-8081-bus-8083-i_10404,true,bus-8081,8081,bus-8083,8083,0.00115763804,0.0521698588,0.0 + 0.0im,2.08881483,230.0,66.0,230.0,66.0,0,0,0.0,0.0
bus-8768-bus-8767-i_10769,true,bus-8768,8768,bus-8767,8767,0.000361353316,0.0284023707,0.0 + 0.0im,5.14,115.0,66.0,115.0,66.0,0,0,0.0,0.0
bus-8031-bus-8030-i_10378,true,bus-8031,8031,bus-8030,8030,0.00799362546,0.253796011,0.0 + 0.0im,0.574980025,500.0,230.0,500.0,230.0,0,0,0.0,0.0
bus-8845-bus-8844-i_10810,true,bus-8845,8845,bus-8844,8844,0.0217825809,0.544564523,0.0 + 0.0im,0.2,115.0,66.0,115.0,66.0,0,0,0.0,0.0
bus-7834-bus-7836-i_10276,true,bus-7834,7834,bus-7836,7836,0.0116263661,0.290659152,0.0 + 0.0im,0.374710047,230.0,115.0,230.0,115.0,0,0,0.0,0.0
bus-7711-bus-7712-i_10210,true,bus-7711,7711,bus-7712,7712,0.00272552723,0.0996471885,0.0 + 0.0im,1.09345032,230.0,115.0,230.0,115.0,0,0,0.0,0.0
bus-7879-bus-7878-i_10298,true,bus-7879,7879,bus-7878,7878,0.018190974,0.454774349,0.0 + 0.0im,0.2,115.0,66.0,115.0,66.0,0,0,0.0,0.0
bus-8367-bus-8368-i_10556,true,bus-8367,8367,bus-8368,8368,0.00515732256,0.167612983,0.0 + 0.0im,0.65,230.0,66.0,230.0,66.0,0,0,0.0,0.0
bus-8405-bus-8406-i_10576,true,bus-8405,8405,bus-8406,8406,0.00236988208,0.088586192,0.0 + 0.0im,1.23,230.0,66.0,230.0,66.0,0,0,0.0,0.0
bus-7780-bus-7782-i_10247,true,bus-7780,7780,bus-7782,7782,0.000278786579,0.0221077757,0.0 + 0.0im,4.93,230.0,115.0,230.0,115.0,0,0,0.0,0.0
bus-8346-bus-8345-i_10545,true,bus-8346,8346,bus-8345,8345,0.00425563485,0.143057244,0.0 + 0.0im,0.761595845,115.0,66.0,115.0,66.0,0,0,0.0,0.0
bus-8225-bus-8227-i_10481,true,bus-8225,8225,bus-8227,8227,0.00181531837,0.0713074611,0.0 + 0.0im,1.528096705,230.0,115.0,230.0,115.0,0,0,0.0,0.0
bus-7960-bus-7961-i_10341,true,bus-7960,7960,bus-7961,7961,0.0128612058,0.321530146,0.0 + 0.0im,0.33873310500000003,230.0,66.0,230.0,66.0,0,0,0.0,0.0
bus-8003-bus-8004-i_10364,true,bus-8003,8003,bus-8004,8004,0.00371540461,0.128181459,0.0 + 0.0im,0.85,230.0,66.0,230.0,66.0,0,0,0.0,0.0
bus-8628-bus-8629-i_10694,true,bus-8628,8628,bus-8629,8629,0.000365700779,0.0261897584,0.0 + 0.0im,8.323053119999999,230.0,66.0,230.0,66.0,0,0,0.0,0.0
bus-7932-bus-7933-i_10326,true,bus-7932,7932,bus-7933,7933,0.00128543775,0.0559060555,0.0 + 0.0im,1.94918418,230.0,115.0,230.0,115.0,0,0,0.0,0.0
bus-7692-bus-7691-i_10199,true,bus-7692,7692,bus-7691,7691,0.000807102102,0.0408886277,0.0 + 0.0im,2.665258715,115.0,66.0,115.0,66.0,0,0,0.0,0.0
bus-7985-bus-7986-i_10355,true,bus-7985,7985,bus-7986,7986,0.00542426804,0.174832512,0.0 + 0.0im,0.62315399,230.0,66.0,230.0,66.0,0,0,0.0,0.0
bus-8416-bus-8418-i_10583,true,bus-8416,8416,bus-8418,8418,0.00200245289,0.0770620125,0.0 + 0.0im,1.413967995,230.0,115.0,230.0,115.0,0,0,0.0,0.0
bus-8464-bus-8463-i_10607,true,bus-8464,8464,bus-8463,8463,0.00990766829,0.247691707,0.0 + 0.0im,0.43971155,115.0,66.0,115.0,66.0,0,0,0.0,0.0
bus-8247-bus-8246-i_10491,true,bus-8247,8247,bus-8246,8246,0.0217825809,0.544564523,0.0 + 0.0im,0.2,115.0,66.0,115.0,66.0,0,0,0.0,0.0
bus-7928-bus-7927-i_10324,true,bus-7928,7928,bus-7927,7927,5.58401909e-5,0.00446721527,0.0 + 0.0im,32.68,500.0,230.0,500.0,230.0,0,0,0.0,0.0
bus-7652-bus-7653-i_10178,true,bus-7652,7652,bus-7653,7653,0.00239314591,0.0893122055,0.0 + 0.0im,1.22,230.0,66.0,230.0,66.0,0,0,0.0,0.0
bus-8072-bus-8071-i_10399,true,bus-8072,8072,bus-8071,8071,0.0233413344,0.58353336,0.0 + 0.0im,0.25,115.0,66.0,115.0,66.0,0,0,0.0,0.0
bus-8050-bus-8051-i_10388,true,bus-8050,8050,bus-8051,8051,0.010880358,0.27200895,0.0 + 0.0im,0.400401915,230.0,66.0,230.0,66.0,0,0,0.0,0.0
bus-7745-bus-7746-i_10227,true,bus-7745,7745,bus-7746,7746,0.0205631684,0.51407921,0.0 + 0.0im,0.2118601615,230.0,66.0,230.0,66.0,0,0,0.0,0.0
bus-8668-bus-8667-i_10714,true,bus-8668,8668,bus-8667,8667,0.00296468231,0.107046275,0.0 + 0.0im,1.017860925,115.0,66.0,115.0,66.0,0,0,0.0,0.0
bus-8156-bus-8155-i_10443,true,bus-8156,8156,bus-8155,8155,0.0217825809,0.544564523,0.0 + 0.0im,0.2,115.0,66.0,115.0,66.0,0,0,0.0,0.0
bus-8603-bus-8604-i_10681,true,bus-8603,8603,bus-8604,8604,0.000854251613,0.0483164712,0.0 + 0.0im,3.58,500.0,115.0,500.0,115.0,0,0,0.0,0.0
bus-8537-bus-8536-i_10647,true,bus-8537,8537,bus-8536,8536,0.018306474,0.45766185,0.0 + 0.0im,0.3187579215,115.0,66.0,115.0,66.0,0,0,0.0,0.0
bus-8620-bus-8619-i_10689,true,bus-8620,8620,bus-8619,8619,0.029176668,0.7294167,0.0 + 0.0im,0.2,115.0,66.0,115.0,66.0,0,0,0.0,0.0
bus-8059-bus-8058-i_10392,true,bus-8059,8059,bus-8058,8058,0.00631744641,0.208475732,0.0 + 0.0im,0.7,115.0,66.0,115.0,66.0,0,0,0.0,0.0
bus-8572-bus-8571-i_10665,true,bus-8572,8572,bus-8571,8571,0.00188992764,0.07350714,0.0 + 0.0im,1.48235928,115.0,66.0,115.0,66.0,0,0,0.0,0.0
bus-8483-bus-8482-i_10617,true,bus-8483,8483,bus-8482,8482,0.0146087333,0.365218332,0.0 + 0.0im,0.596426274,115.0,66.0,115.0,66.0,0,0,0.0,0.0
bus-8472-bus-8471-i_10611,true,bus-8472,8472,bus-8471,8471,0.029176668,0.7294167,0.0 + 0.0im,0.2,115.0,66.0,115.0,66.0,0,0,0.0,0.0
bus-8468-bus-8467-i_10609,true,bus-8468,8468,bus-8467,8467,0.00024301073,0.0182258047,0.0 + 0.0im,5.98,115.0,66.0,115.0,66.0,0,0,0.0,0.0
bus-8402-bus-8404-i_10574,true,bus-8402,8402,bus-8404,8404,0.000169212876,0.0126909657,0.0 + 0.0im,8.58802355,230.0,115.0,230.0,115.0,0,0,0.0,0.0
bus-7818-bus-7817-i_10266,true,bus-7818,7818,bus-7817,7817,0.00300891383,0.108411853,0.0 + 0.0im,1.005038095,115.0,66.0,115.0,66.0,0,0,0.0,0.0
bus-8825-bus-8826-i_10800,true,bus-8825,8825,bus-8826,8826,0.0217825809,0.544564523,0.0 + 0.0im,0.2,230.0,115.0,230.0,115.0,0,0,0.0,0.0
bus-7909-bus-7910-i_10314,true,bus-7909,7909,bus-7910,7910,0.00202684261,0.0778307562,0.0 + 0.0im,1.4,230.0,66.0,230.0,66.0,0,0,0.0,0.0
bus-8260-bus-8259-i_10498,true,bus-8260,8260,bus-8259,8259,0.0217825809,0.544564523,0.0 + 0.0im,0.2,115.0,66.0,115.0,66.0,0,0,0.0,0.0
bus-7970-bus-7973-i_10347,true,bus-7970,7970,bus-7973,7973,0.000135561549,0.0108449239,0.0 + 0.0im,10.05,230.0,115.0,230.0,115.0,0,0,0.0,0.0
bus-8513-bus-8512-i_10634,true,bus-8513,8513,bus-8512,8512,0.00225918993,0.0851262766,0.0 + 0.0im,1.28,115.0,66.0,115.0,66.0,0,0,0.0,0.0
bus-7641-bus-7640-i_10172,true,bus-7641,7641,bus-7640,7640,0.00139242613,0.0652356646,0.0 + 0.0im,2.23752995,500.0,230.0,500.0,230.0,0,0,0.0,0.0
bus-7823-bus-7824-i_10269,true,bus-7823,7823,bus-7824,7824,0.000835768155,0.042087128,0.0 + 0.0im,2.58935499,230.0,115.0,230.0,115.0,0,0,0.0,0.0
bus-8697-bus-8696-i_10729,true,bus-8697,8697,bus-8696,8696,0.029176668,0.7294167,0.0 + 0.0im,0.2,115.0,66.0,115.0,66.0,0,0,0.0,0.0
bus-7750-bus-7749-i_10229,true,bus-7750,7750,bus-7749,7749,0.0216441369,0.541103423,0.0 + 0.0im,0.20127927450000002,115.0,66.0,115.0,66.0,0,0,0.0,0.0
bus-8539-bus-8538-i_10648,true,bus-8539,8539,bus-8538,8538,0.0126136515,0.315341288,0.0 + 0.0im,0.462620486,115.0,66.0,115.0,66.0,0,0,0.0,0.0
bus-7866-bus-7867-i_10292,true,bus-7866,7866,bus-7867,7867,0.000316304819,0.0239084198,0.0 + 0.0im,4.558664405,230.0,66.0,230.0,66.0,0,0,0.0,0.0
bus-7675-bus-7676-i_10191,true,bus-7675,7675,bus-7676,7676,0.00145290023,0.0608765195,0.0 + 0.0im,1.79,230.0,66.0,230.0,66.0,0,0,0.0,0.0
bus-8032-bus-8033-i_10379,true,bus-8032,8032,bus-8033,8033,0.00362173919,0.125586286,0.0 + 0.0im,0.8675684699999999,230.0,66.0,230.0,66.0,0,0,0.0,0.0
bus-8343-bus-8344-i_10544,true,bus-8343,8343,bus-8344,8344,0.00249027259,0.0923393077,0.0 + 0.0im,1.18,230.0,66.0,230.0,66.0,0,0,0.0,0.0
bus-7977-bus-7978-i_10351,true,bus-7977,7977,bus-7978,7978,0.00126580019,0.0553154683,0.0 + 0.0im,1.97,230.0,66.0,230.0,66.0,0,0,0.0,0.0
bus-7812-bus-7811-i_10263,true,bus-7812,7812,bus-7811,7811,0.0217825809,0.544564523,0.0 + 0.0im,0.2,115.0,66.0,115.0,66.0,0,0,0.0,0.0
bus-8209-bus-8210-i_10472,true,bus-8209,8209,bus-8210,8210,0.0217825809,0.544564523,0.0 + 0.0im,0.2,230.0,66.0,230.0,66.0,0,0,0.0,0.0
bus-8503-bus-8506-i_10630,true,bus-8503,8503,bus-8506,8506,0.00186263566,0.0726427906,0.0 + 0.0im,1.5,230.0,115.0,230.0,115.0,0,0,0.0,0.0
bus-8820-bus-8819-i_10797,true,bus-8820,8820,bus-8819,8819,0.00597037509,0.18954589,0.0 + 0.0im,0.57477357,115.0,66.0,115.0,66.0,0,0,0.0,0.0
bus-7946-bus-7945-i_10333,true,bus-7946,7946,bus-7945,7945,0.0111546968,0.27886742,0.0 + 0.0im,0.3905544235,115.0,66.0,115.0,66.0,0,0,0.0,0.0
bus-8096-bus-8097-i_10412,true,bus-8096,8096,bus-8097,8097,0.0172515837,0.431289591,0.0 + 0.0im,0.252528479,230.0,115.0,230.0,115.0,0,0,0.0,0.0
bus-8516-bus-8517-i_10637,true,bus-8516,8516,bus-8517,8517,0.00149401539,0.0620804804,0.0 + 0.0im,1.75527716,230.0,115.0,230.0,115.0,0,0,0.0,0.0
bus-8782-bus-8783-i_10777,true,bus-8782,8782,bus-8783,8783,0.00433415596,0.145207836,0.0 + 0.0im,0.750314045,230.0,66.0,230.0,66.0,0,0,0.0,0.0
bus-7889-bus-7888-i_10303,true,bus-7889,7889,bus-7888,7888,0.000209047839,0.0156785879,0.0 + 0.0im,9.3112355,500.0,230.0,500.0,230.0,0,0,0.0,0.0
bus-7694-bus-7693-i_10201,true,bus-7694,7694,bus-7693,7693,0.0110328959,0.275822397,0.0 + 0.0im,0.394866065,115.0,66.0,115.0,66.0,0,0,0.0,0.0
bus-8758-bus-8757-i_10765,true,bus-8758,8758,bus-8757,8757,8.98501939e-5,0.00718801551,0.0 + 0.0im,20.31,500.0,230.0,500.0,230.0,0,0,0.0,0.0
bus-8679-bus-8678-i_10720,true,bus-8679,8679,bus-8678,8678,0.00553543254,0.18709762,0.0 + 0.0im,0.78,115.0,66.0,115.0,66.0,0,0,0.0,0.0
bus-8582-bus-8581-i_10670,true,bus-8582,8582,bus-8581,8581,0.0111705543,0.279263858,0.0 + 0.0im,0.39,115.0,66.0,115.0,66.0,0,0,0.0,0.0
bus-8289-bus-8288-i_10514,true,bus-8289,8289,bus-8288,8288,0.000260381655,0.0182381389,0.0 + 0.0im,8.00438705,500.0,230.0,500.0,230.0,0,0,0.0,0.0
bus-7959-bus-7958-i_10340,true,bus-7959,7959,bus-7958,7958,0.00116469925,0.052374164,0.0 + 0.0im,2.08066439,115.0,66.0,115.0,66.0,0,0,0.0,0.0
bus-7635-bus-7634-i_10169,true,bus-7635,7635,bus-7634,7634,0.00755134988,0.241891138,0.0 + 0.0im,0.43,115.0,66.0,115.0,66.0,0,0,0.0,0.0
bus-8282-bus-8283-i_10511,true,bus-8282,8282,bus-8283,8283,0.00506627077,0.165145851,0.0 + 0.0im,0.6597122799999999,230.0,66.0,230.0,66.0,0,0,0.0,0.0
bus-8347-bus-8348-i_10546,true,bus-8347,8347,bus-8348,8348,0.00426659451,0.143357576,0.0 + 0.0im,0.76,230.0,66.0,230.0,66.0,0,0,0.0,0.0
bus-8035-bus-8034-i_10380,true,bus-8035,8035,bus-8034,8034,0.0217825809,0.544564523,0.0 + 0.0im,0.2,115.0,66.0,115.0,66.0,0,0,0.0,0.0
bus-8334-bus-8333-i_10538,true,bus-8334,8334,bus-8333,8333,0.0217825809,0.544564523,0.0 + 0.0im,0.2,115.0,66.0,115.0,66.0,0,0,0.0,0.0
bus-7832-bus-7833-i_10274,true,bus-7832,7832,bus-7833,7833,0.00479933414,0.157898093,0.0 + 0.0im,0.69,230.0,66.0,230.0,66.0,0,0,0.0,0.0
bus-8766-bus-8765-i_10768,true,bus-8766,8766,bus-8765,8765,0.00527213605,0.179854611,0.0 + 0.0im,0.81141825,115.0,66.0,115.0,66.0,0,0,0.0,0.0
bus-7763-bus-7762-i_10236,true,bus-7763,7763,bus-7762,7762,0.0053922614,0.183162292,0.0 + 0.0im,0.7967621,115.0,66.0,115.0,66.0,0,0,0.0,0.0
bus-8231-bus-8230-i_10483,true,bus-8231,8231,bus-8230,8230,0.0035486998,0.123558875,0.0 + 0.0im,0.881806925,115.0,66.0,115.0,66.0,0,0,0.0,0.0
bus-8710-bus-8709-i_10736,true,bus-8710,8710,bus-8709,8709,0.0155589864,0.388974659,0.0 + 0.0im,0.28,115.0,66.0,115.0,66.0,0,0,0.0,0.0
bus-7797-bus-7796-i_10255,true,bus-7797,7797,bus-7796,7796,0.00269515062,0.0987053435,0.0 + 0.0im,1.1038854200000001,115.0,66.0,115.0,66.0,0,0,0.0,0.0
bus-8151-bus-8152-i_10441,true,bus-8151,8151,bus-8152,8152,0.0116493412,0.291233529,0.0 + 0.0im,0.3739710355,230.0,115.0,230.0,115.0,0,0,0.0,0.0
bus-8119-bus-8120-i_10424,true,bus-8119,8119,bus-8120,8120,0.00447446985,0.149044423,0.0 + 0.0im,0.73099625,230.0,66.0,230.0,66.0,0,0,0.0,0.0
bus-8699-bus-8698-i_10730,true,bus-8699,8699,bus-8698,8698,0.0174260647,0.435651618,0.0 + 0.0im,0.25,115.0,66.0,115.0,66.0,0,0,0.0,0.0
bus-8450-bus-8449-i_10600,true,bus-8450,8450,bus-8449,8449,0.029176668,0.7294167,0.0 + 0.0im,0.2,115.0,66.0,115.0,66.0,0,0,0.0,0.0
bus-8489-bus-8488-i_10622,true,bus-8489,8489,bus-8488,8488,4.00979442e-5,0.00320783553,0.0 + 0.0im,45.51,500.0,230.0,500.0,230.0,0,0,0.0,0.0
bus-8355-bus-8356-i_10550,true,bus-8355,8355,bus-8356,8356,0.000200642267,0.0140449587,0.0 + 0.0im,7.76,230.0,115.0,230.0,115.0,0,0,0.0,0.0
bus-8568-bus-8567-i_10663,true,bus-8568,8568,bus-8567,8567,0.0217825809,0.544564523,0.0 + 0.0im,0.2,115.0,66.0,115.0,66.0,0,0,0.0,0.0
bus-8551-bus-8552-i_10655,true,bus-8551,8551,bus-8552,8552,0.00135427347,0.0579629046,0.0 + 0.0im,1.88,230.0,66.0,230.0,66.0,0,0,0.0,0.0
bus-7788-bus-7789-i_10251,true,bus-7788,7788,bus-7789,7789,0.00239213876,0.0892807824,0.0 + 0.0im,1.2204294500000001,230.0,66.0,230.0,66.0,0,0,0.0,0.0
bus-7914-bus-7913-i_10316,true,bus-7914,7914,bus-7913,7913,0.0131124433,0.327811083,0.0 + 0.0im,0.3322428985,115.0,66.0,115.0,66.0,0,0,0.0,0.0
bus-8354-bus-8353-i_10549,true,bus-8354,8354,bus-8353,8353,0.0217825809,0.544564523,0.0 + 0.0im,0.2,115.0,66.0,115.0,66.0,0,0,0.0,0.0
bus-8822-bus-8821-i_10798,true,bus-8822,8822,bus-8821,8821,0.0217825809,0.544564523,0.0 + 0.0im,0.2,115.0,66.0,115.0,66.0,0,0,0.0,0.0
bus-8359-bus-8360-i_10552,true,bus-8359,8359,bus-8360,8360,0.0198023463,0.495058657,0.0 + 0.0im,0.22,230.0,115.0,230.0,115.0,0,0,0.0,0.0
bus-8338-bus-8337-i_10540,true,bus-8338,8338,bus-8337,8337,0.0207453151,0.518632879,0.0 + 0.0im,0.21,115.0,66.0,115.0,66.0,0,0,0.0,0.0
bus-7826-bus-7825-i_10270,true,bus-7826,7826,bus-7825,7825,0.00686865242,0.21361509,0.0 + 0.0im,0.62,115.0,66.0,115.0,66.0,0,0,0.0,0.0
bus-8015-bus-8014-i_10369,true,bus-8015,8015,bus-8014,8014,0.00160142413,0.0651988525,0.0 + 0.0im,3.34260898,115.0,66.0,115.0,66.0,0,0,0.0,0.0
bus-7989-bus-7990-i_10357,true,bus-7989,7989,bus-7990,7990,0.000169766842,0.0127325131,0.0 + 0.0im,8.56,230.0,66.0,230.0,66.0,0,0,0.0,0.0
bus-8848-bus-8849-i_10812,true,bus-8848,8848,bus-8849,8849,0.00020908838,0.0165388908,0.0 + 0.0im,6.59,230.0,115.0,230.0,115.0,0,0,0.0,0.0
bus-8286-bus-8287-i_10513,true,bus-8286,8286,bus-8287,8287,0.0217825809,0.544564523,0.0 + 0.0im,0.2,230.0,66.0,230.0,66.0,0,0,0.0,0.0
bus-7623-bus-7624-i_10163,true,bus-7623,7623,bus-7624,7624,0.00254142702,0.0939311428,0.0 + 0.0im,1.16,230.0,66.0,230.0,66.0,0,0,0.0,0.0
bus-8600-bus-8599-i_10679,true,bus-8600,8600,bus-8599,8599,0.00241142282,0.0898823214,0.0 + 0.0im,1.21226056,115.0,66.0,115.0,66.0,0,0,0.0,0.0
bus-7975-bus-7974-i_10350,true,bus-7975,7975,bus-7974,7974,0.000402448353,0.0310160606,0.0 + 0.0im,4.706842464999999,500.0,230.0,500.0,230.0,0,0,0.0,0.0
bus-8519-bus-8518-i_10638,true,bus-8519,8519,bus-8518,8518,0.00259442125,0.0955785337,0.0 + 0.0im,1.140003525,115.0,66.0,115.0,66.0,0,0,0.0,0.0
bus-8373-bus-8372-i_10559,true,bus-8373,8373,bus-8372,8372,0.00471644972,0.155642841,0.0 + 0.0im,0.7,115.0,66.0,115.0,66.0,0,0,0.0,0.0
bus-8100-bus-8101-i_10414,true,bus-8100,8100,bus-8101,8101,0.00189362913,0.0736243004,0.0 + 0.0im,2.96,230.0,66.0,230.0,66.0,0,0,0.0,0.0
bus-7662-bus-7663-i_10184,true,bus-7662,7662,bus-7663,7663,0.00171082403,0.0683387833,0.0 + 0.0im,1.5944951649999999,230.0,66.0,230.0,66.0,0,0,0.0,0.0
bus-7716-bus-7715-i_10212,true,bus-7716,7716,bus-7715,7715,0.00254020146,0.0938930245,0.0 + 0.0im,1.160470995,115.0,66.0,115.0,66.0,0,0,0.0,0.0
bus-7934-bus-7936-i_10328,true,bus-7934,7934,bus-7936,7936,0.0034723612,0.121436238,0.0 + 0.0im,0.89722367,230.0,115.0,230.0,115.0,0,0,0.0,0.0
bus-8586-bus-8585-i_10672,true,bus-8586,8586,bus-8585,8585,0.0217825809,0.544564523,0.0 + 0.0im,0.2,115.0,66.0,115.0,66.0,0,0,0.0,0.0
bus-8550-bus-8549-i_10654,true,bus-8550,8550,bus-8549,8549,0.00447087696,0.148946282,0.0 + 0.0im,0.7314780000000001,115.0,66.0,115.0,66.0,0,0,0.0,0.0
bus-8798-bus-8797-i_10784,true,bus-8798,8798,bus-8797,8797,0.0175703685,0.439259213,0.0 + 0.0im,0.2479467735,115.0,66.0,115.0,66.0,0,0,0.0,0.0
bus-7638-bus-7639-i_10171,true,bus-7638,7638,bus-7639,7639,0.000534784015,0.0303776294,0.0 + 0.0im,7.17522174,230.0,66.0,230.0,66.0,0,0,0.0,0.0
bus-7901-bus-7900-i_10309,true,bus-7901,7901,bus-7900,7900,0.0217825809,0.544564523,0.0 + 0.0im,0.2,115.0,66.0,115.0,66.0,0,0,0.0,0.0
bus-7765-bus-7764-i_10237,true,bus-7765,7765,bus-7764,7764,0.0217825809,0.544564523,0.0 + 0.0im,0.2,115.0,66.0,115.0,66.0,0,0,0.0,0.0
bus-7775-bus-7774-i_10242,true,bus-7775,7775,bus-7774,7774,0.000883093655,0.0439427403,0.0 + 0.0im,2.07,115.0,66.0,115.0,66.0,0,0,0.0,0.0
bus-7917-bus-7918-i_10318,true,bus-7917,7917,bus-7918,7918,0.00213762333,0.0813151914,0.0 + 0.0im,1.34,230.0,66.0,230.0,66.0,0,0,0.0,0.0
bus-7939-bus-7940-i_10330,true,bus-7939,7939,bus-7940,7940,0.017133079,0.428326974,0.0 + 0.0im,0.2542751475,230.0,115.0,230.0,115.0,0,0,0.0,0.0
bus-8066-bus-8065-i_10395,true,bus-8066,8066,bus-8065,8065,0.00536532692,0.182421115,0.0 + 0.0im,0.8,115.0,66.0,115.0,66.0,0,0,0.0,0.0
bus-7645-bus-7644-i_10174,true,bus-7645,7645,bus-7644,7644,0.0124471891,0.311179727,0.0 + 0.0im,0.3,115.0,66.0,115.0,66.0,0,0,0.0,0.0
bus-7767-bus-7766-i_10238,true,bus-7767,7767,bus-7766,7766,0.029176668,0.7294167,0.0 + 0.0im,0.2,115.0,66.0,115.0,66.0,0,0,0.0,0.0
bus-7988-bus-7987-i_10356,true,bus-7988,7988,bus-7987,7987,0.00323074219,0.114691348,0.0 + 0.0im,0.95,115.0,66.0,115.0,66.0,0,0,0.0,0.0
bus-8579-bus-8580-i_10669,true,bus-8579,8579,bus-8580,8580,0.000809818471,0.041002304,0.0 + 0.0im,2.65786885,230.0,66.0,230.0,66.0,0,0,0.0,0.0
bus-7751-bus-7753-i_10231,true,bus-7751,7751,bus-7753,7753,0.000310375064,0.0236280926,0.0 + 0.0im,4.61275479,230.0,115.0,230.0,115.0,0,0,0.0,0.0
bus-8178-bus-8180-i_10455,true,bus-8178,8178,bus-8180,8180,0.00690767711,0.21465763,0.0 + 0.0im,0.5075226349999999,230.0,115.0,230.0,115.0,0,0,0.0,0.0
bus-8167-bus-8166-i_10449,true,bus-8167,8167,bus-8166,8166,0.0154456752,0.38614188,0.0 + 0.0im,0.28205411,115.0,66.0,115.0,66.0,0,0,0.0,0.0
bus-8172-bus-8173-i_10452,true,bus-8172,8172,bus-8173,8173,0.0217825809,0.544564523,0.0 + 0.0im,0.2,230.0,66.0,230.0,66.0,0,0,0.0,0.0
bus-8328-bus-8329-i_10535,true,bus-8328,8328,bus-8329,8329,0.000760178682,0.0389211485,0.0 + 0.0im,2.8,230.0,115.0,230.0,115.0,0,0,0.0,0.0
bus-7782-bus-7781-i_10246,true,bus-7782,7782,bus-7781,7781,0.012552803,0.313820074,0.0 + 0.0im,0.34705525049999997,115.0,66.0,115.0,66.0,0,0,0.0,0.0
bus-8002-bus-8001-i_10363,true,bus-8002,8002,bus-8001,8001,0.0217825809,0.544564523,0.0 + 0.0im,0.2,115.0,66.0,115.0,66.0,0,0,0.0,0.0
bus-8718-bus-8717-i_10740,true,bus-8718,8718,bus-8717,8717,0.0124471891,0.311179727,0.0 + 0.0im,0.35,115.0,66.0,115.0,66.0,0,0,0.0,0.0
bus-7707-bus-7708-i_10208,true,bus-7707,7707,bus-7708,7708,0.000265571554,0.0201834381,0.0 + 0.0im,5.4,230.0,66.0,230.0,66.0,0,0,0.0,0.0
bus-8206-bus-8205-i_10469,true,bus-8206,8206,bus-8205,8205,0.0187214712,0.46803678,0.0 + 0.0im,0.2327015935,115.0,66.0,115.0,66.0,0,0,0.0,0.0
bus-8646-bus-8648-i_10704,true,bus-8646,8646,bus-8648,8648,0.000468323315,0.0290537423,0.0 + 0.0im,3.75118086,230.0,115.0,230.0,115.0,0,0,0.0,0.0
bus-7853-bus-7852-i_10285,true,bus-7853,7853,bus-7852,7852,0.0217825809,0.544564523,0.0 + 0.0im,0.2,115.0,66.0,115.0,66.0,0,0,0.0,0.0
bus-8706-bus-8705-i_10733,true,bus-8706,8706,bus-8705,8705,0.00259443077,0.0955788294,0.0 + 0.0im,1.14,115.0,66.0,115.0,66.0,0,0,0.0,0.0
bus-8414-bus-8415-i_10581,true,bus-8414,8414,bus-8415,8415,0.00186818192,0.0728185144,0.0 + 0.0im,1.49637969,230.0,115.0,230.0,115.0,0,0,0.0,0.0
bus-8770-bus-8769-i_10770,true,bus-8770,8770,bus-8769,8769,0.00150412853,0.0685280958,0.0 + 0.0im,2.13,115.0,66.0,115.0,66.0,0,0,0.0,0.0
bus-8244-bus-8245-i_10490,true,bus-8244,8244,bus-8245,8245,0.0020611126,0.0789099148,0.0 + 0.0im,1.3808510250000001,230.0,66.0,230.0,66.0,0,0,0.0,0.0
bus-8340-bus-8339-i_10543,true,bus-8340,8340,bus-8339,8339,0.000109698957,0.00877591659,0.0 + 0.0im,33.270278600000005,500.0,230.0,500.0,230.0,0,0,0.0,0.0
bus-8726-bus-8725-i_10744,true,bus-8726,8726,bus-8725,8725,0.029176668,0.7294167,0.0 + 0.0im,0.2,115.0,66.0,115.0,66.0,0,0,0.0,0.0
bus-8028-bus-8029-i_10377,true,bus-8028,8028,bus-8029,8029,0.00455783923,0.151320262,0.0 + 0.0im,0.72,230.0,66.0,230.0,66.0,0,0,0.0,0.0
bus-8837-bus-8836-i_10806,true,bus-8837,8837,bus-8836,8836,0.0192275429,0.480688573,0.0 + 0.0im,0.3034882625,115.0,66.0,115.0,66.0,0,0,0.0,0.0
bus-7952-bus-7953-i_10337,true,bus-7952,7952,bus-7953,7953,0.0100399646,0.250999116,0.0 + 0.0im,0.43391748300000005,230.0,66.0,230.0,66.0,0,0,0.0,0.0
bus-8612-bus-8611-i_10685,true,bus-8612,8612,bus-8611,8611,0.029176668,0.7294167,0.0 + 0.0im,0.2,115.0,66.0,115.0,66.0,0,0,0.0,0.0
bus-8271-bus-8270-i_10503,true,bus-8271,8271,bus-8270,8270,0.000642417177,0.0339462979,0.0 + 0.0im,3.21037914,115.0,66.0,115.0,66.0,0,0,0.0,0.0
bus-8814-bus-8813-i_10794,true,bus-8814,8814,bus-8813,8813,0.0103726576,0.259316439,0.0 + 0.0im,0.42,115.0,66.0,115.0,66.0,0,0,0.0,0.0
bus-8596-bus-8595-i_10677,true,bus-8596,8596,bus-8595,8595,0.0167558315,0.418895787,0.0 + 0.0im,0.26,115.0,66.0,115.0,66.0,0,0,0.0,0.0
bus-8197-bus-8198-i_10465,true,bus-8197,8197,bus-8198,8198,0.00628831837,0.198082029,0.0 + 0.0im,0.55,230.0,66.0,230.0,66.0,0,0,0.0,0.0
bus-8163-bus-8162-i_10447,true,bus-8163,8163,bus-8162,8162,0.0217825809,0.544564523,0.0 + 0.0im,0.2,115.0,66.0,115.0,66.0,0,0,0.0,0.0
bus-8777-bus-8776-i_10773,true,bus-8777,8777,bus-8776,8776,0.0131371067,0.328427667,0.0 + 0.0im,0.44418712149999995,115.0,66.0,115.0,66.0,0,0,0.0,0.0
bus-8651-bus-8652-i_10706,true,bus-8651,8651,bus-8652,8652,0.0018926977,0.0735948201,0.0 + 0.0im,1.480592945,230.0,115.0,230.0,115.0,0,0,0.0,0.0
bus-8157-bus-8159-i_10445,true,bus-8157,8157,bus-8159,8159,0.000210510235,0.0168081031,0.0 + 0.0im,6.4844588,230.0,115.0,230.0,115.0,0,0,0.0,0.0
bus-8745-bus-8744-i_10756,true,bus-8745,8745,bus-8744,8744,0.00394851689,0.13461863,0.0 + 0.0im,0.809346695,115.0,66.0,115.0,66.0,0,0,0.0,0.0
bus-8548-bus-8547-i_10653,true,bus-8548,8548,bus-8547,8547,0.0217825809,0.544564523,0.0 + 0.0im,0.2,115.0,66.0,115.0,66.0,0,0,0.0,0.0
bus-7915-bus-7916-i_10317,true,bus-7915,7915,bus-7916,7916,0.000532788561,0.0303400627,0.0 + 0.0im,3.592055775,230.0,66.0,230.0,66.0,0,0,0.0,0.0
bus-8553-bus-8554-i_10656,true,bus-8553,8553,bus-8554,8554,0.0217825809,0.544564523,0.0 + 0.0im,0.2,230.0,66.0,230.0,66.0,0,0,0.0,0.0
bus-8598-bus-8597-i_10678,true,bus-8598,8598,bus-8597,8597,0.0217825809,0.544564523,0.0 + 0.0im,0.2,115.0,66.0,115.0,66.0,0,0,0.0,0.0
bus-7722-bus-7721-i_10215,true,bus-7722,7722,bus-7721,7721,0.00177974825,0.0703000558,0.0 + 0.0im,1.55,115.0,66.0,115.0,66.0,0,0,0.0,0.0
bus-7996-bus-7995-i_10360,true,bus-7996,7996,bus-7995,7995,0.00686865242,0.21361509,0.0 + 0.0im,0.51,115.0,66.0,115.0,66.0,0,0,0.0,0.0
bus-8419-bus-8422-i_10585,true,bus-8419,8419,bus-8422,8422,0.000625486076,0.0332258204,0.0 + 0.0im,3.28,230.0,115.0,230.0,115.0,0,0,0.0,0.0
bus-8262-bus-8261-i_10500,true,bus-8262,8262,bus-8261,8261,0.000189671536,0.0148512812,0.0 + 0.0im,9.83,500.0,230.0,500.0,230.0,0,0,0.0,0.0
bus-8321-bus-8320-i_10531,true,bus-8321,8321,bus-8320,8320,0.00163866969,0.0662717449,0.0 + 0.0im,1.644240605,115.0,66.0,115.0,66.0,0,0,0.0,0.0
bus-8854-bus-8855-i_10815,true,bus-8854,8854,bus-8855,8855,0.00327288254,0.115870779,0.0 + 0.0im,0.9403280549999999,230.0,115.0,230.0,115.0,0,0,0.0,0.0
bus-8291-bus-8290-i_10515,true,bus-8291,8291,bus-8290,8290,0.00781228818,0.248918864,0.0 + 0.0im,0.5862478449999999,115.0,66.0,115.0,66.0,0,0,0.0,0.0
bus-8434-bus-8433-i_10592,true,bus-8434,8434,bus-8433,8433,0.00642846591,0.211496528,0.0 + 0.0im,0.69,115.0,66.0,115.0,66.0,0,0,0.0,0.0
bus-8422-bus-8421-i_10584,true,bus-8422,8422,bus-8421,8421,0.00388508894,0.132870042,0.0 + 0.0im,0.82,115.0,66.0,115.0,66.0,0,0,0.0,0.0
bus-8185-bus-8186-i_10459,true,bus-8185,8185,bus-8186,8186,0.000232004468,0.0177366255,0.0 + 0.0im,6.14494995,230.0,115.0,230.0,115.0,0,0,0.0,0.0
bus-8558-bus-8557-i_10658,true,bus-8558,8558,bus-8557,8557,0.00283755686,0.108110916,0.0 + 0.0im,1.35,115.0,66.0,115.0,66.0,0,0,0.0,0.0
bus-8738-bus-8737-i_10752,true,bus-8738,8738,bus-8737,8737,0.029176668,0.7294167,0.0 + 0.0im,0.2,500.0,230.0,500.0,230.0,0,0,0.0,0.0
bus-8780-bus-8781-i_10776,true,bus-8780,8780,bus-8781,8781,0.00125998939,0.0551403744,0.0 + 0.0im,1.976257055,230.0,115.0,230.0,115.0,0,0,0.0,0.0
bus-8648-bus-8647-i_10703,true,bus-8648,8648,bus-8647,8647,0.00362014204,0.132524783,0.0 + 0.0im,1.101269925,115.0,66.0,115.0,66.0,0,0,0.0,0.0
bus-8650-bus-8649-i_10705,true,bus-8650,8650,bus-8649,8649,0.0217825809,0.544564523,0.0 + 0.0im,0.2,115.0,66.0,115.0,66.0,0,0,0.0,0.0
bus-8818-bus-8817-i_10796,true,bus-8818,8818,bus-8817,8817,0.0217825809,0.544564523,0.0 + 0.0im,0.2,115.0,66.0,115.0,66.0,0,0,0.0,0.0
bus-8864-bus-8863-i_10820,true,bus-8864,8864,bus-8863,8863,9.42591652e-5,0.00754073322,0.0 + 0.0im,19.36,500.0,230.0,500.0,230.0,0,0,0.0,0.0
bus-8790-bus-8791-i_10781,true,bus-8790,8790,bus-8791,8791,0.00140771168,0.0595462042,0.0 + 0.0im,1.83,230.0,66.0,230.0,66.0,0,0,0.0,0.0
bus-8122-bus-8121-i_10425,true,bus-8122,8122,bus-8121,8121,0.0217825809,0.544564523,0.0 + 0.0im,0.2,115.0,66.0,115.0,66.0,0,0,0.0,0.0
bus-7865-bus-7864-i_10291,true,bus-7865,7865,bus-7864,7864,0.0217825809,0.544564523,0.0 + 0.0im,0.2,115.0,66.0,115.0,66.0,0,0,0.0,0.0
bus-8369-bus-8371-i_10558,true,bus-8369,8369,bus-8371,8371,0.00303971311,0.109327036,0.0 + 0.0im,0.9966235,230.0,115.0,230.0,115.0,0,0,0.0,0.0
bus-8569-bus-8570-i_10664,true,bus-8569,8569,bus-8570,8570,0.000270519118,0.021371326,0.0 + 0.0im,5.0998833,230.0,66.0,230.0,66.0,0,0,0.0,0.0
bus-8124-bus-8123-i_10427,true,bus-8124,8124,bus-8123,8123,0.000256972771,0.0181263037,0.0 + 0.0im,8.0537838,500.0,230.0,500.0,230.0,0,0,0.0,0.0
bus-8843-bus-8842-i_10809,true,bus-8843,8843,bus-8842,8842,0.00157647364,0.064477772,0.0 + 0.0im,1.69,115.0,66.0,115.0,66.0,0,0,0.0,0.0
bus-8750-bus-8751-i_10759,true,bus-8750,8750,bus-8751,8751,0.000207544706,0.0155035895,0.0 + 0.0im,7.03,230.0,115.0,230.0,115.0,0,0,0.0,0.0
bus-8204-bus-8206-i_10470,true,bus-8204,8204,bus-8206,8206,0.00285868197,0.103770155,0.0 + 0.0im,1.05,230.0,115.0,230.0,115.0,0,0,0.0,0.0
bus-8442-bus-8441-i_10596,true,bus-8442,8442,bus-8441,8441,0.0052038806,0.177972717,0.0 + 0.0im,0.82,115.0,66.0,115.0,66.0,0,0,0.0,0.0
bus-8037-bus-8036-i_10381,true,bus-8037,8037,bus-8036,8036,0.00983771753,0.245942938,0.0 + 0.0im,0.442838104,115.0,66.0,115.0,66.0,0,0,0.0,0.0
bus-7805-bus-7806-i_10260,true,bus-7805,7805,bus-7806,7806,0.00132393443,0.0570588509,0.0 + 0.0im,1.909794335,230.0,115.0,230.0,115.0,0,0,0.0,0.0
bus-7937-bus-7938-i_10329,true,bus-7937,7937,bus-7938,7938,0.00209956901,0.0801195535,0.0 + 0.0im,1.36,230.0,66.0,230.0,66.0,0,0,0.0,0.0
bus-8123-bus-8125-i_10426,true,bus-8123,8123,bus-8125,8125,0.000475784363,0.0292103175,0.0 + 0.0im,3.73106331,230.0,66.0,230.0,66.0,0,0,0.0,0.0
bus-7778-bus-7779-i_10245,true,bus-7778,7778,bus-7779,7779,0.00671499359,0.2095078,0.0 + 0.0im,0.52,230.0,66.0,230.0,66.0,0,0,0.0,0.0
bus-7687-bus-7686-i_10197,true,bus-7687,7687,bus-7686,7686,0.0185772694,0.464431734,0.0 + 0.0im,0.46901577299999997,115.0,66.0,115.0,66.0,0,0,0.0,0.0
bus-8304-bus-8303-i_10522,true,bus-8304,8304,bus-8303,8303,0.0217825809,0.544564523,0.0 + 0.0im,0.2,115.0,66.0,115.0,66.0,0,0,0.0,0.0
bus-8592-bus-8591-i_10675,true,bus-8592,8592,bus-8591,8591,0.0147710823,0.369277059,0.0 + 0.0im,0.2949354745,115.0,66.0,115.0,66.0,0,0,0.0,0.0
bus-8683-bus-8682-i_10722,true,bus-8683,8683,bus-8682,8682,0.00488474611,0.160219672,0.0 + 0.0im,0.68,115.0,66.0,115.0,66.0,0,0,0.0,0.0
bus-8760-bus-8759-i_10763,true,bus-8760,8760,bus-8759,8759,0.00204243821,0.08879913,0.0 + 0.0im,1.947702155,115.0,66.0,115.0,66.0,0,0,0.0,0.0
bus-8452-bus-8451-i_10601,true,bus-8452,8452,bus-8451,8451,0.029176668,0.7294167,0.0 + 0.0im,0.2,115.0,66.0,115.0,66.0,0,0,0.0,0.0
bus-7777-bus-7776-i_10244,true,bus-7777,7777,bus-7776,7776,0.0200429588,0.501073971,0.0 + 0.0im,0.434717869,115.0,66.0,115.0,66.0,0,0,0.0,0.0
bus-8808-bus-8810-i_10792,true,bus-8808,8808,bus-8810,8810,0.0012985216,0.0562985828,0.0 + 0.0im,1.935590785,230.0,115.0,230.0,115.0,0,0,0.0,0.0
bus-7738-bus-7737-i_10223,true,bus-7738,7738,bus-7737,7737,0.00239314591,0.0893122055,0.0 + 0.0im,1.22,115.0,66.0,115.0,66.0,0,0,0.0,0.0
bus-7747-bus-7748-i_10228,true,bus-7747,7747,bus-7748,7748,0.00114805451,0.0518920637,0.0 + 0.0im,2.1,230.0,66.0,230.0,66.0,0,0,0.0,0.0
bus-8802-bus-8801-i_10787,true,bus-8802,8802,bus-8801,8801,0.0170644323,0.426610808,0.0 + 0.0im,0.2552980435,115.0,66.0,115.0,66.0,0,0,0.0,0.0
bus-8239-bus-8238-i_10487,true,bus-8239,8239,bus-8238,8238,0.000268888674,0.0210002054,0.0 + 0.0im,5.19,115.0,66.0,115.0,66.0,0,0,0.0,0.0
bus-8277-bus-8276-i_10508,true,bus-8277,8277,bus-8276,8276,0.00642514543,0.201749567,0.0 + 0.0im,0.54,115.0,66.0,115.0,66.0,0,0,0.0,0.0
bus-8296-bus-8295-i_10518,true,bus-8296,8296,bus-8295,8295,0.0217825809,0.544564523,0.0 + 0.0im,0.2,115.0,66.0,115.0,66.0,0,0,0.0,0.0
bus-7941-bus-7942-i_10331,true,bus-7941,7941,bus-7942,7942,0.0217825809,0.544564523,0.0 + 0.0im,0.2,230.0,115.0,230.0,115.0,0,0,0.0,0.0
bus-7768-bus-7769-i_10239,true,bus-7768,7768,bus-7769,7769,0.0150647524,0.376618811,0.0 + 0.0im,0.2891860455,230.0,115.0,230.0,115.0,0,0,0.0,0.0
bus-8523-bus-8522-i_10640,true,bus-8523,8523,bus-8522,8522,0.00590445889,0.197208927,0.0 + 0.0im,0.74,500.0,230.0,500.0,230.0,0,0,0.0,0.0
bus-8560-bus-8559-i_10659,true,bus-8560,8560,bus-8559,8559,0.0217825809,0.544564523,0.0 + 0.0im,0.2,115.0,66.0,115.0,66.0,0,0,0.0,0.0
bus-7699-bus-7700-i_10204,true,bus-7699,7699,bus-7700,7700,0.00277020607,0.101031604,0.0 + 0.0im,1.078465005,230.0,66.0,230.0,66.0,0,0,0.0,0.0
bus-8403-bus-8402-i_10575,true,bus-8403,8403,bus-8402,8402,0.000795131388,0.0426826529,0.0 + 0.0im,3.42,500.0,230.0,500.0,230.0,0,0,0.0,0.0
bus-8470-bus-8469-i_10610,true,bus-8470,8470,bus-8469,8469,0.00610499566,0.202685856,0.0 + 0.0im,0.72,115.0,66.0,115.0,66.0,0,0,0.0,0.0
bus-8593-bus-8594-i_10676,true,bus-8593,8593,bus-8594,8594,0.0002658593,0.0202584786,0.0 + 0.0im,5.38,230.0,66.0,230.0,66.0,0,0,0.0,0.0
bus-8132-bus-8131-i_10430,true,bus-8132,8132,bus-8131,8131,0.029176668,0.7294167,0.0 + 0.0im,0.2,115.0,66.0,115.0,66.0,0,0,0.0,0.0
bus-7642-bus-7643-i_10173,true,bus-7642,7642,bus-7643,7643,0.000898466839,0.0444202236,0.0 + 0.0im,2.4533354700000003,230.0,115.0,230.0,115.0,0,0,0.0,0.0
bus-8020-bus-8021-i_10373,true,bus-8020,8020,bus-8021,8021,0.000348607905,0.0254105592,0.0 + 0.0im,4.289151735,230.0,66.0,230.0,66.0,0,0,0.0,0.0
bus-8068-bus-8067-i_10397,true,bus-8068,8068,bus-8067,8067,0.0126281813,0.315704532,0.0 + 0.0im,0.689967317,115.0,66.0,115.0,66.0,0,0,0.0,0.0
bus-8357-bus-8358-i_10551,true,bus-8357,8357,bus-8358,8358,0.000268374053,0.0208795014,0.0 + 0.0im,5.22,230.0,66.0,230.0,66.0,0,0,0.0,0.0
bus-8194-bus-8193-i_10463,true,bus-8194,8194,bus-8193,8193,0.0284140943,0.710352357,0.0 + 0.0im,0.2433465085,115.0,66.0,115.0,66.0,0,0,0.0,0.0
bus-7704-bus-7703-i_10206,true,bus-7704,7704,bus-7703,7703,0.0167558315,0.418895787,0.0 + 0.0im,0.22,115.0,66.0,115.0,66.0,0,0,0.0,0.0
bus-8544-bus-8543-i_10650,true,bus-8544,8544,bus-8543,8543,0.00276557094,0.100888028,0.0 + 0.0im,1.08,115.0,66.0,115.0,66.0,0,0,0.0,0.0
bus-8502-bus-8501-i_10628,true,bus-8502,8502,bus-8501,8501,0.0182354175,0.455885437,0.0 + 0.0im,0.32,115.0,66.0,115.0,66.0,0,0,0.0,0.0
bus-7649-bus-7648-i_10176,true,bus-7649,7649,bus-7648,7648,0.00986840036,0.246710009,0.0 + 0.0im,0.441461232,115.0,66.0,115.0,66.0,0,0,0.0,0.0
bus-7731-bus-7732-i_10220,true,bus-7731,7731,bus-7732,7732,0.00103380712,0.0485321642,0.0 + 0.0im,2.24542385,230.0,66.0,230.0,66.0,0,0,0.0,0.0
bus-8443-bus-8444-i_10597,true,bus-8443,8443,bus-8444,8444,0.00119186932,0.0531573716,0.0 + 0.0im,2.05,230.0,115.0,230.0,115.0,0,0,0.0,0.0
bus-8089-bus-8088-i_10408,true,bus-8089,8089,bus-8088,8088,0.0105477637,0.263694091,0.0 + 0.0im,0.413027474,115.0,66.0,115.0,66.0,0,0,0.0,0.0
bus-7631-bus-7633-i_10167,true,bus-7631,7631,bus-7633,7633,0.000734473891,0.0378400948,0.0 + 0.0im,2.88,230.0,66.0,230.0,66.0,0,0,0.0,0.0
bus-8666-bus-8665-i_10713,true,bus-8666,8666,bus-8665,8665,0.00246535957,0.0915634546,0.0 + 0.0im,1.19,115.0,66.0,115.0,66.0,0,0,0.0,0.0
bus-8113-bus-8114-i_10421,true,bus-8113,8113,bus-8114,8114,0.000207356388,0.0150974254,0.0 + 0.0im,7.2190932,230.0,66.0,230.0,66.0,0,0,0.0,0.0
bus-7753-bus-7752-i_10230,true,bus-7753,7753,bus-7752,7752,0.0042579668,0.143121152,0.0 + 0.0im,0.761255705,115.0,66.0,115.0,66.0,0,0,0.0,0.0
bus-7696-bus-7695-i_10202,true,bus-7696,7696,bus-7695,7695,0.00106950352,0.0495919398,0.0 + 0.0im,2.1974268699999997,115.0,66.0,115.0,66.0,0,0,0.0,0.0
bus-8400-bus-8401-i_10573,true,bus-8400,8400,bus-8401,8401,0.00690772648,0.214658949,0.0 + 0.0im,0.50751952,230.0,66.0,230.0,66.0,0,0,0.0,0.0
bus-8491-bus-8490-i_10620,true,bus-8491,8491,bus-8490,8490,0.00101657462,0.0480170885,0.0 + 0.0im,2.26951662,115.0,66.0,115.0,66.0,0,0,0.0,0.0
bus-7981-bus-7982-i_10353,true,bus-7981,7981,bus-7982,7982,0.000375416567,0.0266282568,0.0 + 0.0im,4.092989255,230.0,66.0,230.0,66.0,0,0,0.0,0.0
bus-7838-bus-7837-i_10277,true,bus-7838,7838,bus-7837,7837,0.0217825809,0.544564523,0.0 + 0.0im,0.2,115.0,66.0,115.0,66.0,0,0,0.0,0.0
bus-8317-bus-8316-i_10528,true,bus-8317,8317,bus-8316,8316,0.00398899577,0.135733471,0.0 + 0.0im,0.802697805,115.0,66.0,115.0,66.0,0,0,0.0,0.0
bus-8806-bus-8805-i_10790,true,bus-8806,8806,bus-8805,8805,0.000823443003,0.0438920156,0.0 + 0.0im,3.325760085,500.0,230.0,500.0,230.0,0,0,0.0,0.0
bus-8309-bus-8310-i_10525,true,bus-8309,8309,bus-8310,8310,0.00297210682,0.107275554,0.0 + 0.0im,1.015685185,230.0,115.0,230.0,115.0,0,0,0.0,0.0
bus-8716-bus-8715-i_10739,true,bus-8716,8716,bus-8715,8715,0.00223429024,0.084346679,0.0 + 0.0im,1.291832465,115.0,66.0,115.0,66.0,0,0,0.0,0.0
bus-8073-bus-8074-i_10400,true,bus-8073,8073,bus-8074,8074,0.000684504769,0.035731149,0.0 + 0.0im,3.05,230.0,66.0,230.0,66.0,0,0,0.0,0.0
bus-8754-bus-8756-i_10762,true,bus-8754,8754,bus-8756,8756,0.00021324764,0.0170598112,0.0 + 0.0im,10.14,500.0,115.0,500.0,115.0,0,0,0.0,0.0
bus-7723-bus-7724-i_10216,true,bus-7723,7723,bus-7724,7724,0.000205877256,0.0144114079,0.0 + 0.0im,7.5626809,230.0,115.0,230.0,115.0,0,0,0.0,0.0
bus-8721-bus-8723-i_10743,true,bus-8721,8721,bus-8723,8723,0.000295067765,0.0228972585,0.0 + 0.0im,4.76,230.0,115.0,230.0,115.0,0,0,0.0,0.0
bus-8300-bus-8299-i_10520,true,bus-8300,8300,bus-8299,8299,0.00287824461,0.104375159,0.0 + 0.0im,1.04391295,115.0,66.0,115.0,66.0,0,0,0.0,0.0
bus-7702-bus-7701-i_10205,true,bus-7702,7702,bus-7701,7701,0.0217825809,0.544564523,0.0 + 0.0im,0.2,115.0,66.0,115.0,66.0,0,0,0.0,0.0
bus-7632-bus-7631-i_10168,true,bus-7632,7632,bus-7631,7631,0.000173260566,0.0138608453,0.0 + 0.0im,10.53244535,500.0,230.0,500.0,230.0,0,0,0.0,0.0
bus-7754-bus-7755-i_10232,true,bus-7754,7754,bus-7755,7755,0.000317270767,0.0239539429,0.0 + 0.0im,4.55,230.0,66.0,230.0,66.0,0,0,0.0,0.0
bus-8201-bus-8200-i_10466,true,bus-8201,8201,bus-8200,8200,0.00171425245,0.0684366382,0.0 + 0.0im,1.59221469,115.0,66.0,115.0,66.0,0,0,0.0,0.0
bus-8862-bus-8861-i_10818,true,bus-8862,8862,bus-8861,8861,0.000662946884,0.0348179703,0.0 + 0.0im,3.13,115.0,66.0,115.0,66.0,0,0,0.0,0.0
bus-8393-bus-8392-i_10569,true,bus-8393,8393,bus-8392,8392,0.00888634681,0.22215867,0.0 + 0.0im,0.4902482735,115.0,66.0,115.0,66.0,0,0,0.0,0.0
bus-8749-bus-8748-i_10758,true,bus-8749,8749,bus-8748,8748,0.014588334,0.36470835,0.0 + 0.0im,0.4,115.0,66.0,115.0,66.0,0,0,0.0,0.0
bus-8775-bus-8777-i_10774,true,bus-8775,8775,bus-8777,8777,0.0064770647,0.203140332,0.0 + 0.0im,0.53630234,230.0,115.0,230.0,115.0,0,0,0.0,0.0
bus-8796-bus-8798-i_10785,true,bus-8796,8796,bus-8798,8798,0.00219722987,0.0831853991,0.0 + 0.0im,1.3098692500000002,230.0,115.0,230.0,115.0,0,0,0.0,0.0
bus-8583-bus-8584-i_10671,true,bus-8583,8583,bus-8584,8584,0.00119852609,0.0533485677,0.0 + 0.0im,2.042650965,230.0,115.0,230.0,115.0,0,0,0.0,0.0
bus-8810-bus-8809-i_10791,true,bus-8810,8810,bus-8809,8809,0.00206116558,0.0849019639,0.0 + 0.0im,1.7191238949999998,115.0,66.0,115.0,66.0,0,0,0.0,0.0
bus-7803-bus-7804-i_10259,true,bus-7803,7803,bus-7804,7804,0.00444338897,0.148195271,0.0 + 0.0im,0.735185655,230.0,115.0,230.0,115.0,0,0,0.0,0.0
bus-8479-bus-8478-i_10615,true,bus-8479,8479,bus-8478,8478,0.029176668,0.7294167,0.0 + 0.0im,0.2,115.0,66.0,115.0,66.0,0,0,0.0,0.0
bus-8366-bus-8365-i_10555,true,bus-8366,8366,bus-8365,8365,0.029176668,0.7294167,0.0 + 0.0im,0.2,500.0,230.0,500.0,230.0,0,0,0.0,0.0
bus-8378-bus-8379-i_10562,true,bus-8378,8378,bus-8379,8379,0.0025156246,0.0931284228,0.0 + 0.0im,1.17,230.0,66.0,230.0,66.0,0,0,0.0,0.0
bus-7884-bus-7885-i_10301,true,bus-7884,7884,bus-7885,7885,0.00254735393,0.0941154722,0.0 + 0.0im,1.1577277750000001,230.0,66.0,230.0,66.0,0,0,0.0,0.0
bus-7730-bus-7729-i_10219,true,bus-7730,7730,bus-7729,7729,0.0217825809,0.544564523,0.0 + 0.0im,0.2,115.0,66.0,115.0,66.0,0,0,0.0,0.0
bus-8022-bus-8023-i_10374,true,bus-8022,8022,bus-8023,8023,0.00244087451,0.0908005318,0.0 + 0.0im,1.2,230.0,115.0,230.0,115.0,0,0,0.0,0.0
bus-8013-bus-8015-i_10370,true,bus-8013,8013,bus-8015,8015,0.000580442672,0.0313013643,0.0 + 0.0im,6.96335553,230.0,115.0,230.0,115.0,0,0,0.0,0.0
bus-7911-bus-7912-i_10315,true,bus-7911,7911,bus-7912,7912,0.000214959816,0.0170033215,0.0 + 0.0im,6.41,230.0,66.0,230.0,66.0,0,0,0.0,0.0
bus-8268-bus-8271-i_10504,true,bus-8268,8268,bus-8271,8271,0.000653514783,0.0344177481,0.0 + 0.0im,3.166399965,230.0,115.0,230.0,115.0,0,0,0.0,0.0
bus-8693-bus-8692-i_10727,true,bus-8693,8693,bus-8692,8692,0.00379038934,0.130255355,0.0 + 0.0im,0.836463725,115.0,66.0,115.0,66.0,0,0,0.0,0.0
bus-7636-bus-7637-i_10170,true,bus-7636,7636,bus-7637,7637,0.00180734348,0.0710818718,0.0 + 0.0im,1.53294758,230.0,115.0,230.0,115.0,0,0,0.0,0.0
bus-7836-bus-7835-i_10275,true,bus-7836,7836,bus-7835,7835,0.0217825809,0.544564523,0.0 + 0.0im,0.2,115.0,66.0,115.0,66.0,0,0,0.0,0.0
bus-8525-bus-8524-i_10641,true,bus-8525,8525,bus-8524,8524,0.00181218265,0.071218778,0.0 + 0.0im,1.53,115.0,66.0,115.0,66.0,0,0,0.0,0.0
bus-8732-bus-8731-i_10748,true,bus-8732,8732,bus-8731,8731,0.00135855942,0.0580903118,0.0 + 0.0im,1.87587568,115.0,66.0,115.0,66.0,0,0,0.0,0.0
bus-8183-bus-8184-i_10458,true,bus-8183,8183,bus-8184,8184,0.000267226745,0.020603182,0.0 + 0.0im,5.29,230.0,66.0,230.0,66.0,0,0,0.0,0.0
bus-8211-bus-8212-i_10473,true,bus-8211,8211,bus-8212,8212,0.0217825809,0.544564523,0.0 + 0.0im,0.2,230.0,66.0,230.0,66.0,0,0,0.0,0.0
bus-8142-bus-8141-i_10436,true,bus-8142,8142,bus-8141,8141,0.0217825809,0.544564523,0.0 + 0.0im,0.2,115.0,66.0,115.0,66.0,0,0,0.0,0.0
bus-8704-bus-8706-i_10734,true,bus-8704,8704,bus-8706,8706,0.000724640893,0.0374258943,0.0 + 0.0im,2.9118762950000003,230.0,115.0,230.0,115.0,0,0,0.0,0.0
bus-8680-bus-8681-i_10721,true,bus-8680,8680,bus-8681,8681,0.00101623341,0.0480068663,0.0 + 0.0im,2.27,230.0,66.0,230.0,66.0,0,0,0.0,0.0
