DateTime,name,value
2019-01-01T00:00:00.0,gen-2064,0.0
2019-01-01T01:00:00.0,gen-2064,-0.0
2019-01-01T00:00:00.0,gen-243,0.0
2019-01-01T01:00:00.0,gen-243,-0.0
2019-01-01T00:00:00.0,gen-1400,0.0
2019-01-01T01:00:00.0,gen-1400,-0.0
2019-01-01T00:00:00.0,gen-160,0.0
2019-01-01T01:00:00.0,gen-160,-0.0
2019-01-01T00:00:00.0,gen-629,0.0
2019-01-01T01:00:00.0,gen-629,-0.0
2019-01-01T00:00:00.0,gen-696,0.0
2019-01-01T01:00:00.0,gen-696,-0.0
2019-01-01T00:00:00.0,gen-1486,0.0
2019-01-01T01:00:00.0,gen-1486,-0.0
2019-01-01T00:00:00.0,gen-975,0.0
2019-01-01T01:00:00.0,gen-975,-0.0
2019-01-01T00:00:00.0,gen-424,0.0
2019-01-01T01:00:00.0,gen-424,-0.0
2019-01-01T00:00:00.0,gen-1401,0.0
2019-01-01T01:00:00.0,gen-1401,-0.0
2019-01-01T00:00:00.0,gen-2112,0.0
2019-01-01T01:00:00.0,gen-2112,-0.0
2019-01-01T00:00:00.0,gen-867,0.0
2019-01-01T01:00:00.0,gen-867,-0.0
2019-01-01T00:00:00.0,gen-1432,0.0
2019-01-01T01:00:00.0,gen-1432,-0.0
2019-01-01T00:00:00.0,gen-1006,0.0
2019-01-01T01:00:00.0,gen-1006,-0.0
2019-01-01T00:00:00.0,gen-607,0.0
2019-01-01T01:00:00.0,gen-607,-0.0
2019-01-01T00:00:00.0,gen-1413,0.0
2019-01-01T01:00:00.0,gen-1413,-0.0
2019-01-01T00:00:00.0,gen-1483,0.0
2019-01-01T01:00:00.0,gen-1483,-0.0
2019-01-01T00:00:00.0,gen-1532,0.0
2019-01-01T01:00:00.0,gen-1532,-0.0
2019-01-01T00:00:00.0,gen-1247,0.0
2019-01-01T01:00:00.0,gen-1247,-0.0
2019-01-01T00:00:00.0,gen-409,0.0
2019-01-01T01:00:00.0,gen-409,-0.0
2019-01-01T00:00:00.0,gen-978,0.0
2019-01-01T01:00:00.0,gen-978,-0.0
2019-01-01T00:00:00.0,gen-1381,0.0
2019-01-01T01:00:00.0,gen-1381,-0.0
2019-01-01T00:00:00.0,gen-445,0.0
2019-01-01T01:00:00.0,gen-445,-0.0
2019-01-01T00:00:00.0,gen-1716,0.0
2019-01-01T01:00:00.0,gen-1716,-0.0
2019-01-01T00:00:00.0,gen-671,0.0
2019-01-01T01:00:00.0,gen-671,-0.0
2019-01-01T00:00:00.0,gen-769,0.0
2019-01-01T01:00:00.0,gen-769,-0.0
2019-01-01T00:00:00.0,gen-983,0.0
2019-01-01T01:00:00.0,gen-983,-0.0
2019-01-01T00:00:00.0,gen-668,0.0
2019-01-01T01:00:00.0,gen-668,-0.0
2019-01-01T00:00:00.0,gen-1219,0.0
2019-01-01T01:00:00.0,gen-1219,-0.0
2019-01-01T00:00:00.0,gen-868,0.0
2019-01-01T01:00:00.0,gen-868,-0.0
2019-01-01T00:00:00.0,gen-407,0.0
2019-01-01T01:00:00.0,gen-407,0.0
2019-01-01T00:00:00.0,gen-227,0.0
2019-01-01T01:00:00.0,gen-227,-0.0
2019-01-01T00:00:00.0,gen-142,0.0
2019-01-01T01:00:00.0,gen-142,-0.0
2019-01-01T00:00:00.0,gen-586,0.0
2019-01-01T01:00:00.0,gen-586,-0.0
2019-01-01T00:00:00.0,gen-918,0.0
2019-01-01T01:00:00.0,gen-918,-0.0
2019-01-01T00:00:00.0,gen-1453,0.0
2019-01-01T01:00:00.0,gen-1453,-0.0
2019-01-01T00:00:00.0,gen-1024,0.0
2019-01-01T01:00:00.0,gen-1024,0.0
2019-01-01T00:00:00.0,gen-2050,0.0
2019-01-01T01:00:00.0,gen-2050,-0.0
2019-01-01T00:00:00.0,gen-449,0.0
2019-01-01T01:00:00.0,gen-449,-0.0
2019-01-01T00:00:00.0,gen-1232,0.0
2019-01-01T01:00:00.0,gen-1232,-0.0
2019-01-01T00:00:00.0,gen-546,0.0
2019-01-01T01:00:00.0,gen-546,-0.0
2019-01-01T00:00:00.0,gen-951,0.0
2019-01-01T01:00:00.0,gen-951,-0.0
2019-01-01T00:00:00.0,gen-625,0.0
2019-01-01T01:00:00.0,gen-625,-0.0
2019-01-01T00:00:00.0,gen-1235,0.0
2019-01-01T01:00:00.0,gen-1235,-0.0
2019-01-01T00:00:00.0,gen-215,0.0
2019-01-01T01:00:00.0,gen-215,-0.0
2019-01-01T00:00:00.0,gen-107,0.0
2019-01-01T01:00:00.0,gen-107,-0.0
2019-01-01T00:00:00.0,gen-773,0.0
2019-01-01T01:00:00.0,gen-773,-0.0
2019-01-01T00:00:00.0,gen-881,0.0
2019-01-01T01:00:00.0,gen-881,-0.0
2019-01-01T00:00:00.0,gen-593,0.0
2019-01-01T01:00:00.0,gen-593,0.0
2019-01-01T00:00:00.0,gen-667,0.0
2019-01-01T01:00:00.0,gen-667,-0.0
2019-01-01T00:00:00.0,gen-1074,0.0
2019-01-01T01:00:00.0,gen-1074,-0.0
2019-01-01T00:00:00.0,gen-1769,0.0
2019-01-01T01:00:00.0,gen-1769,-0.0
2019-01-01T00:00:00.0,gen-689,0.0
2019-01-01T01:00:00.0,gen-689,-0.0
2019-01-01T00:00:00.0,gen-800,0.0
2019-01-01T01:00:00.0,gen-800,-0.0
2019-01-01T00:00:00.0,gen-550,0.0
2019-01-01T01:00:00.0,gen-550,0.0
2019-01-01T00:00:00.0,gen-47,0.0
2019-01-01T01:00:00.0,gen-47,-0.0
2019-01-01T00:00:00.0,gen-849,0.0
2019-01-01T01:00:00.0,gen-849,-0.0
2019-01-01T00:00:00.0,gen-1222,0.0
2019-01-01T01:00:00.0,gen-1222,-0.0
2019-01-01T00:00:00.0,gen-157,0.0
2019-01-01T01:00:00.0,gen-157,-0.0
2019-01-01T00:00:00.0,gen-427,0.0
2019-01-01T01:00:00.0,gen-427,-0.0
2019-01-01T00:00:00.0,gen-1270,0.0
2019-01-01T01:00:00.0,gen-1270,-0.0
2019-01-01T00:00:00.0,gen-754,0.0
2019-01-01T01:00:00.0,gen-754,-0.0
2019-01-01T00:00:00.0,gen-965,0.0
2019-01-01T01:00:00.0,gen-965,-0.0
2019-01-01T00:00:00.0,gen-1004,0.0
2019-01-01T01:00:00.0,gen-1004,-0.0
2019-01-01T00:00:00.0,gen-1542,0.0
2019-01-01T01:00:00.0,gen-1542,-0.0
2019-01-01T00:00:00.0,gen-548,0.0
2019-01-01T01:00:00.0,gen-548,0.0
2019-01-01T00:00:00.0,gen-1814,0.0
2019-01-01T01:00:00.0,gen-1814,-0.0
2019-01-01T00:00:00.0,gen-62,0.0
2019-01-01T01:00:00.0,gen-62,-0.0
2019-01-01T00:00:00.0,gen-923,0.0
2019-01-01T01:00:00.0,gen-923,-0.0
2019-01-01T00:00:00.0,gen-713,0.0
2019-01-01T01:00:00.0,gen-713,-0.0
2019-01-01T00:00:00.0,gen-1040,0.0
2019-01-01T01:00:00.0,gen-1040,-0.0
2019-01-01T00:00:00.0,gen-151,0.0
2019-01-01T01:00:00.0,gen-151,-0.0
2019-01-01T00:00:00.0,gen-591,0.0
2019-01-01T01:00:00.0,gen-591,-0.0
2019-01-01T00:00:00.0,gen-236,0.0
2019-01-01T01:00:00.0,gen-236,-0.0
2019-01-01T00:00:00.0,gen-966,0.0
2019-01-01T01:00:00.0,gen-966,-0.0
2019-01-01T00:00:00.0,gen-942,0.0
2019-01-01T01:00:00.0,gen-942,-0.0
2019-01-01T00:00:00.0,gen-220,0.0
2019-01-01T01:00:00.0,gen-220,-0.0
2019-01-01T00:00:00.0,gen-892,0.0
2019-01-01T01:00:00.0,gen-892,-0.0
2019-01-01T00:00:00.0,gen-990,0.0
2019-01-01T01:00:00.0,gen-990,-0.0
2019-01-01T00:00:00.0,gen-740,0.0
2019-01-01T01:00:00.0,gen-740,-0.0
2019-01-01T00:00:00.0,gen-255,0.0
2019-01-01T01:00:00.0,gen-255,-0.0
2019-01-01T00:00:00.0,gen-733,0.0
2019-01-01T01:00:00.0,gen-733,-0.0
2019-01-01T00:00:00.0,gen-2088,0.0
2019-01-01T01:00:00.0,gen-2088,-0.0
2019-01-01T00:00:00.0,gen-2101,0.0
2019-01-01T01:00:00.0,gen-2101,-0.0
2019-01-01T00:00:00.0,gen-254,0.0
2019-01-01T01:00:00.0,gen-254,-0.0
2019-01-01T00:00:00.0,gen-356,0.0
2019-01-01T01:00:00.0,gen-356,-0.0
2019-01-01T00:00:00.0,gen-1476,0.0
2019-01-01T01:00:00.0,gen-1476,-0.0
2019-01-01T00:00:00.0,gen-2104,0.0
2019-01-01T01:00:00.0,gen-2104,-0.0
2019-01-01T00:00:00.0,gen-2038,0.0
2019-01-01T01:00:00.0,gen-2038,-0.0
2019-01-01T00:00:00.0,gen-1070,0.0
2019-01-01T01:00:00.0,gen-1070,-0.0
2019-01-01T00:00:00.0,gen-831,0.0
2019-01-01T01:00:00.0,gen-831,-0.0
2019-01-01T00:00:00.0,gen-891,0.0
2019-01-01T01:00:00.0,gen-891,-0.0
2019-01-01T00:00:00.0,gen-159,0.0
2019-01-01T01:00:00.0,gen-159,-0.0
2019-01-01T00:00:00.0,gen-1036,0.0
2019-01-01T01:00:00.0,gen-1036,-0.0
2019-01-01T00:00:00.0,gen-592,0.0
2019-01-01T01:00:00.0,gen-592,0.0
2019-01-01T00:00:00.0,gen-511,0.0
2019-01-01T01:00:00.0,gen-511,-0.0
2019-01-01T00:00:00.0,gen-485,0.0
2019-01-01T01:00:00.0,gen-485,-0.0
2019-01-01T00:00:00.0,gen-687,0.0
2019-01-01T01:00:00.0,gen-687,-0.0
2019-01-01T00:00:00.0,gen-565,0.0
2019-01-01T01:00:00.0,gen-565,-0.0
2019-01-01T00:00:00.0,gen-512,0.0
2019-01-01T01:00:00.0,gen-512,-0.0
2019-01-01T00:00:00.0,gen-185,0.0
2019-01-01T01:00:00.0,gen-185,-0.0
2019-01-01T00:00:00.0,gen-1022,0.0
2019-01-01T01:00:00.0,gen-1022,0.0
2019-01-01T00:00:00.0,gen-1876,0.0
2019-01-01T01:00:00.0,gen-1876,-0.0
2019-01-01T00:00:00.0,gen-368,0.0
2019-01-01T01:00:00.0,gen-368,-0.0
2019-01-01T00:00:00.0,gen-905,0.0
2019-01-01T01:00:00.0,gen-905,-0.0
2019-01-01T00:00:00.0,gen-184,0.0
2019-01-01T01:00:00.0,gen-184,-0.0
2019-01-01T00:00:00.0,gen-234,0.0
2019-01-01T01:00:00.0,gen-234,-0.0
2019-01-01T00:00:00.0,gen-1729,0.0
2019-01-01T01:00:00.0,gen-1729,-0.0
2019-01-01T00:00:00.0,gen-1330,0.0
2019-01-01T01:00:00.0,gen-1330,-0.0
2019-01-01T00:00:00.0,gen-428,0.0
2019-01-01T01:00:00.0,gen-428,-0.0
2019-01-01T00:00:00.0,gen-1271,0.0
2019-01-01T01:00:00.0,gen-1271,-0.0
2019-01-01T00:00:00.0,gen-731,0.0
2019-01-01T01:00:00.0,gen-731,-0.0
2019-01-01T00:00:00.0,gen-819,0.0
2019-01-01T01:00:00.0,gen-819,-0.0
2019-01-01T00:00:00.0,gen-1060,0.0
2019-01-01T01:00:00.0,gen-1060,-0.0
2019-01-01T00:00:00.0,gen-467,0.0
2019-01-01T01:00:00.0,gen-467,-0.0
2019-01-01T00:00:00.0,gen-1481,0.0
2019-01-01T01:00:00.0,gen-1481,-0.0
2019-01-01T00:00:00.0,gen-474,0.0
2019-01-01T01:00:00.0,gen-474,-0.0
2019-01-01T00:00:00.0,gen-217,0.0
2019-01-01T01:00:00.0,gen-217,-0.0
2019-01-01T00:00:00.0,gen-1278,0.0
2019-01-01T01:00:00.0,gen-1278,-0.0
2019-01-01T00:00:00.0,gen-672,0.0
2019-01-01T01:00:00.0,gen-672,-0.0
2019-01-01T00:00:00.0,gen-921,0.0
2019-01-01T01:00:00.0,gen-921,-0.0
2019-01-01T00:00:00.0,gen-1041,0.0
2019-01-01T01:00:00.0,gen-1041,-0.0
2019-01-01T00:00:00.0,gen-1979,0.0
2019-01-01T01:00:00.0,gen-1979,-0.0
2019-01-01T00:00:00.0,gen-1874,0.0
2019-01-01T01:00:00.0,gen-1874,-0.0
2019-01-01T00:00:00.0,gen-997,0.0
2019-01-01T01:00:00.0,gen-997,-0.0
2019-01-01T00:00:00.0,gen-150,0.0
2019-01-01T01:00:00.0,gen-150,-0.0
2019-01-01T00:00:00.0,gen-535,0.0
2019-01-01T01:00:00.0,gen-535,-0.0
2019-01-01T00:00:00.0,gen-962,0.0
2019-01-01T01:00:00.0,gen-962,-0.0
2019-01-01T00:00:00.0,gen-1545,0.0
2019-01-01T01:00:00.0,gen-1545,-0.0
2019-01-01T00:00:00.0,gen-229,0.0
2019-01-01T01:00:00.0,gen-229,-0.0
2019-01-01T00:00:00.0,gen-924,0.0
2019-01-01T01:00:00.0,gen-924,-0.0
2019-01-01T00:00:00.0,gen-1978,0.0
2019-01-01T01:00:00.0,gen-1978,-0.0
2019-01-01T00:00:00.0,gen-986,0.0
2019-01-01T01:00:00.0,gen-986,-0.0
2019-01-01T00:00:00.0,gen-1913,0.0
2019-01-01T01:00:00.0,gen-1913,-0.0
2019-01-01T00:00:00.0,gen-2113,0.0
2019-01-01T01:00:00.0,gen-2113,-0.0
2019-01-01T00:00:00.0,gen-697,0.0
2019-01-01T01:00:00.0,gen-697,0.0
2019-01-01T00:00:00.0,gen-2109,0.0
2019-01-01T01:00:00.0,gen-2109,-0.0
2019-01-01T00:00:00.0,gen-2063,0.0
2019-01-01T01:00:00.0,gen-2063,-0.0
2019-01-01T00:00:00.0,gen-857,0.0
2019-01-01T01:00:00.0,gen-857,-0.0
2019-01-01T00:00:00.0,gen-1671,0.0
2019-01-01T01:00:00.0,gen-1671,-0.0
2019-01-01T00:00:00.0,gen-1233,0.0
2019-01-01T01:00:00.0,gen-1233,-0.0
2019-01-01T00:00:00.0,gen-1534,0.0
2019-01-01T01:00:00.0,gen-1534,-0.0
2019-01-01T00:00:00.0,gen-1474,0.0
2019-01-01T01:00:00.0,gen-1474,-0.0
2019-01-01T00:00:00.0,gen-848,0.0
2019-01-01T01:00:00.0,gen-848,-0.0
2019-01-01T00:00:00.0,gen-953,0.0
2019-01-01T01:00:00.0,gen-953,-0.0
2019-01-01T00:00:00.0,gen-525,0.0
2019-01-01T01:00:00.0,gen-525,-0.0
2019-01-01T00:00:00.0,gen-1397,0.0
2019-01-01T01:00:00.0,gen-1397,-0.0
2019-01-01T00:00:00.0,gen-981,0.0
2019-01-01T01:00:00.0,gen-981,-0.0
2019-01-01T00:00:00.0,gen-583,0.0
2019-01-01T01:00:00.0,gen-583,-0.0
2019-01-01T00:00:00.0,gen-520,0.0
2019-01-01T01:00:00.0,gen-520,-0.0
2019-01-01T00:00:00.0,gen-1768,0.0
2019-01-01T01:00:00.0,gen-1768,-0.0
2019-01-01T00:00:00.0,gen-2033,0.0
2019-01-01T01:00:00.0,gen-2033,-0.0
2019-01-01T00:00:00.0,gen-933,0.0
2019-01-01T01:00:00.0,gen-933,-0.0
2019-01-01T00:00:00.0,gen-482,0.0
2019-01-01T01:00:00.0,gen-482,-0.0
2019-01-01T00:00:00.0,gen-854,0.0
2019-01-01T01:00:00.0,gen-854,-0.0
2019-01-01T00:00:00.0,gen-396,0.0
2019-01-01T01:00:00.0,gen-396,-0.0
2019-01-01T00:00:00.0,gen-896,0.0
2019-01-01T01:00:00.0,gen-896,-0.0
2019-01-01T00:00:00.0,gen-957,0.0
2019-01-01T01:00:00.0,gen-957,-0.0
2019-01-01T00:00:00.0,gen-346,0.0
2019-01-01T01:00:00.0,gen-346,-0.0
2019-01-01T00:00:00.0,gen-1379,0.0
2019-01-01T01:00:00.0,gen-1379,-0.0
2019-01-01T00:00:00.0,gen-168,0.0
2019-01-01T01:00:00.0,gen-168,-0.0
2019-01-01T00:00:00.0,gen-631,0.0
2019-01-01T01:00:00.0,gen-631,-0.0
2019-01-01T00:00:00.0,gen-259,0.0
2019-01-01T01:00:00.0,gen-259,-0.0
2019-01-01T00:00:00.0,gen-348,0.0
2019-01-01T01:00:00.0,gen-348,-0.0
2019-01-01T00:00:00.0,gen-1935,0.0
2019-01-01T01:00:00.0,gen-1935,-0.0
2019-01-01T00:00:00.0,gen-1256,0.0
2019-01-01T01:00:00.0,gen-1256,-0.0
2019-01-01T00:00:00.0,gen-776,0.0
2019-01-01T01:00:00.0,gen-776,-0.0
2019-01-01T00:00:00.0,gen-834,0.0
2019-01-01T01:00:00.0,gen-834,-0.0
2019-01-01T00:00:00.0,gen-1245,0.0
2019-01-01T01:00:00.0,gen-1245,-0.0
2019-01-01T00:00:00.0,gen-729,0.0
2019-01-01T01:00:00.0,gen-729,-0.0
2019-01-01T00:00:00.0,gen-1167,0.0
2019-01-01T01:00:00.0,gen-1167,-0.0
2019-01-01T00:00:00.0,gen-239,0.0
2019-01-01T01:00:00.0,gen-239,-0.0
2019-01-01T00:00:00.0,gen-342,0.0
2019-01-01T01:00:00.0,gen-342,0.0
2019-01-01T00:00:00.0,gen-967,0.0
2019-01-01T01:00:00.0,gen-967,-0.0
2019-01-01T00:00:00.0,gen-686,0.0
2019-01-01T01:00:00.0,gen-686,-0.0
2019-01-01T00:00:00.0,gen-524,0.0
2019-01-01T01:00:00.0,gen-524,-0.0
2019-01-01T00:00:00.0,gen-1072,0.0
2019-01-01T01:00:00.0,gen-1072,-0.0
2019-01-01T00:00:00.0,gen-864,0.0
2019-01-01T01:00:00.0,gen-864,-0.0
2019-01-01T00:00:00.0,gen-735,0.0
2019-01-01T01:00:00.0,gen-735,-0.0
2019-01-01T00:00:00.0,gen-411,0.0
2019-01-01T01:00:00.0,gen-411,-0.0
2019-01-01T00:00:00.0,gen-153,0.0
2019-01-01T01:00:00.0,gen-153,-0.0
2019-01-01T00:00:00.0,gen-890,0.0
2019-01-01T01:00:00.0,gen-890,-0.0
2019-01-01T00:00:00.0,gen-1229,0.0
2019-01-01T01:00:00.0,gen-1229,-0.0
2019-01-01T00:00:00.0,gen-469,0.0
2019-01-01T01:00:00.0,gen-469,-0.0
2019-01-01T00:00:00.0,gen-1300,0.0
2019-01-01T01:00:00.0,gen-1300,-0.0
2019-01-01T00:00:00.0,gen-1059,0.0
2019-01-01T01:00:00.0,gen-1059,-0.0
2019-01-01T00:00:00.0,gen-2057,0.0
2019-01-01T01:00:00.0,gen-2057,-0.0
2019-01-01T00:00:00.0,gen-1164,0.0
2019-01-01T01:00:00.0,gen-1164,-0.0
2019-01-01T00:00:00.0,gen-344,0.0
2019-01-01T01:00:00.0,gen-344,-0.0
2019-01-01T00:00:00.0,gen-1454,0.0
2019-01-01T01:00:00.0,gen-1454,-0.0
2019-01-01T00:00:00.0,gen-1636,0.0
2019-01-01T01:00:00.0,gen-1636,-0.0
2019-01-01T00:00:00.0,gen-237,0.0
2019-01-01T01:00:00.0,gen-237,-0.0
2019-01-01T00:00:00.0,gen-43,0.0
2019-01-01T01:00:00.0,gen-43,-0.0
2019-01-01T00:00:00.0,gen-241,0.0
2019-01-01T01:00:00.0,gen-241,-0.0
2019-01-01T00:00:00.0,gen-471,0.0
2019-01-01T01:00:00.0,gen-471,-0.0
2019-01-01T00:00:00.0,gen-622,0.0
2019-01-01T01:00:00.0,gen-622,-0.0
2019-01-01T00:00:00.0,gen-603,0.0
2019-01-01T01:00:00.0,gen-603,-0.0
2019-01-01T00:00:00.0,gen-590,0.0
2019-01-01T01:00:00.0,gen-590,-0.0
2019-01-01T00:00:00.0,gen-945,0.0
2019-01-01T01:00:00.0,gen-945,-0.0
2019-01-01T00:00:00.0,gen-58,0.0
2019-01-01T01:00:00.0,gen-58,-0.0
2019-01-01T00:00:00.0,gen-566,0.0
2019-01-01T01:00:00.0,gen-566,-0.0
2019-01-01T00:00:00.0,gen-835,0.0
2019-01-01T01:00:00.0,gen-835,-0.0
2019-01-01T00:00:00.0,gen-1244,0.0
2019-01-01T01:00:00.0,gen-1244,-0.0
2019-01-01T00:00:00.0,gen-1807,0.0
2019-01-01T01:00:00.0,gen-1807,-0.0
2019-01-01T00:00:00.0,gen-956,0.0
2019-01-01T01:00:00.0,gen-956,-0.0
2019-01-01T00:00:00.0,gen-1683,0.0
2019-01-01T01:00:00.0,gen-1683,-0.0
2019-01-01T00:00:00.0,gen-954,0.0
2019-01-01T01:00:00.0,gen-954,-0.0
2019-01-01T00:00:00.0,gen-836,0.0
2019-01-01T01:00:00.0,gen-836,-0.0
2019-01-01T00:00:00.0,gen-950,0.0
2019-01-01T01:00:00.0,gen-950,-0.0
2019-01-01T00:00:00.0,gen-1399,0.0
2019-01-01T01:00:00.0,gen-1399,-0.0
2019-01-01T00:00:00.0,gen-480,0.0
2019-01-01T01:00:00.0,gen-480,-0.0
2019-01-01T00:00:00.0,gen-873,0.0
2019-01-01T01:00:00.0,gen-873,-0.0
2019-01-01T00:00:00.0,gen-2049,0.0
2019-01-01T01:00:00.0,gen-2049,-0.0
2019-01-01T00:00:00.0,gen-1035,0.0
2019-01-01T01:00:00.0,gen-1035,-0.0
2019-01-01T00:00:00.0,gen-1068,0.0
2019-01-01T01:00:00.0,gen-1068,-0.0
2019-01-01T00:00:00.0,gen-796,0.0
2019-01-01T01:00:00.0,gen-796,0.0
2019-01-01T00:00:00.0,gen-742,0.0
2019-01-01T01:00:00.0,gen-742,-0.0
2019-01-01T00:00:00.0,gen-2119,0.0
2019-01-01T01:00:00.0,gen-2119,-0.0
2019-01-01T00:00:00.0,gen-626,0.0
2019-01-01T01:00:00.0,gen-626,-0.0
2019-01-01T00:00:00.0,gen-224,0.0
2019-01-01T01:00:00.0,gen-224,-0.0
2019-01-01T00:00:00.0,gen-2087,0.0
2019-01-01T01:00:00.0,gen-2087,-0.0
2019-01-01T00:00:00.0,gen-1275,0.0
2019-01-01T01:00:00.0,gen-1275,-0.0
2019-01-01T00:00:00.0,gen-904,0.0
2019-01-01T01:00:00.0,gen-904,-0.0
2019-01-01T00:00:00.0,gen-242,0.0
2019-01-01T01:00:00.0,gen-242,-0.0
2019-01-01T00:00:00.0,gen-1484,0.0
2019-01-01T01:00:00.0,gen-1484,-0.0
2019-01-01T00:00:00.0,gen-952,0.0
2019-01-01T01:00:00.0,gen-952,-0.0
2019-01-01T00:00:00.0,gen-910,0.0
2019-01-01T01:00:00.0,gen-910,-0.0
2019-01-01T00:00:00.0,gen-818,0.0
2019-01-01T01:00:00.0,gen-818,-0.0
2019-01-01T00:00:00.0,gen-635,0.0
2019-01-01T01:00:00.0,gen-635,-0.0
2019-01-01T00:00:00.0,gen-1002,0.0
2019-01-01T01:00:00.0,gen-1002,-0.0
2019-01-01T00:00:00.0,gen-604,0.0
2019-01-01T01:00:00.0,gen-604,-0.0
2019-01-01T00:00:00.0,gen-1332,0.0
2019-01-01T01:00:00.0,gen-1332,-0.0
2019-01-01T00:00:00.0,gen-186,0.0
2019-01-01T01:00:00.0,gen-186,-0.0
2019-01-01T00:00:00.0,gen-741,0.0
2019-01-01T01:00:00.0,gen-741,-0.0
2019-01-01T00:00:00.0,gen-694,0.0
2019-01-01T01:00:00.0,gen-694,-0.0
2019-01-01T00:00:00.0,gen-1071,0.0
2019-01-01T01:00:00.0,gen-1071,-0.0
2019-01-01T00:00:00.0,gen-415,0.0
2019-01-01T01:00:00.0,gen-415,-0.0
2019-01-01T00:00:00.0,gen-1549,0.0
2019-01-01T01:00:00.0,gen-1549,-0.0
2019-01-01T00:00:00.0,gen-693,0.0
2019-01-01T01:00:00.0,gen-693,-0.0
2019-01-01T00:00:00.0,gen-930,0.0
2019-01-01T01:00:00.0,gen-930,-0.0
2019-01-01T00:00:00.0,gen-1767,0.0
2019-01-01T01:00:00.0,gen-1767,-0.0
2019-01-01T00:00:00.0,gen-669,0.0
2019-01-01T01:00:00.0,gen-669,-0.0
2019-01-01T00:00:00.0,gen-709,0.0
2019-01-01T01:00:00.0,gen-709,-0.0
2019-01-01T00:00:00.0,gen-1480,0.0
2019-01-01T01:00:00.0,gen-1480,-0.0
2019-01-01T00:00:00.0,gen-929,0.0
2019-01-01T01:00:00.0,gen-929,-0.0
2019-01-01T00:00:00.0,gen-636,0.0
2019-01-01T01:00:00.0,gen-636,-0.0
2019-01-01T00:00:00.0,gen-1485,0.0
2019-01-01T01:00:00.0,gen-1485,-0.0
2019-01-01T00:00:00.0,gen-1436,0.0
2019-01-01T01:00:00.0,gen-1436,-0.0
2019-01-01T00:00:00.0,gen-468,0.0
2019-01-01T01:00:00.0,gen-468,-0.0
2019-01-01T00:00:00.0,gen-581,0.0
2019-01-01T01:00:00.0,gen-581,-0.0
2019-01-01T00:00:00.0,gen-644,0.0
2019-01-01T01:00:00.0,gen-644,-0.0
2019-01-01T00:00:00.0,gen-642,0.0
2019-01-01T01:00:00.0,gen-642,-0.0
2019-01-01T00:00:00.0,gen-1676,0.0
2019-01-01T01:00:00.0,gen-1676,-0.0
2019-01-01T00:00:00.0,gen-213,0.0
2019-01-01T01:00:00.0,gen-213,-0.0
2019-01-01T00:00:00.0,gen-1811,0.0
2019-01-01T01:00:00.0,gen-1811,-0.0
2019-01-01T00:00:00.0,gen-1259,0.0
2019-01-01T01:00:00.0,gen-1259,-0.0
2019-01-01T00:00:00.0,gen-1622,0.0
2019-01-01T01:00:00.0,gen-1622,-0.0
2019-01-01T00:00:00.0,gen-661,0.0
2019-01-01T01:00:00.0,gen-661,-0.0
2019-01-01T00:00:00.0,gen-720,0.0
2019-01-01T01:00:00.0,gen-720,-0.0
2019-01-01T00:00:00.0,gen-476,0.0
2019-01-01T01:00:00.0,gen-476,-0.0
2019-01-01T00:00:00.0,gen-1406,0.0
2019-01-01T01:00:00.0,gen-1406,-0.0
2019-01-01T00:00:00.0,gen-225,0.0
2019-01-01T01:00:00.0,gen-225,-0.0
2019-01-01T00:00:00.0,gen-1013,0.0
2019-01-01T01:00:00.0,gen-1013,-0.0
2019-01-01T00:00:00.0,gen-408,0.0
2019-01-01T01:00:00.0,gen-408,-0.0
2019-01-01T00:00:00.0,gen-1368,0.0
2019-01-01T01:00:00.0,gen-1368,-0.0
2019-01-01T00:00:00.0,gen-1437,0.0
2019-01-01T01:00:00.0,gen-1437,-0.0
2019-01-01T00:00:00.0,gen-398,0.0
2019-01-01T01:00:00.0,gen-398,-0.0
2019-01-01T00:00:00.0,gen-1875,0.0
2019-01-01T01:00:00.0,gen-1875,-0.0
2019-01-01T00:00:00.0,gen-457,0.0
2019-01-01T01:00:00.0,gen-457,-0.0
2019-01-01T00:00:00.0,gen-903,0.0
2019-01-01T01:00:00.0,gen-903,-0.0
2019-01-01T00:00:00.0,gen-1065,0.0
2019-01-01T01:00:00.0,gen-1065,-0.0
2019-01-01T00:00:00.0,gen-204,0.0
2019-01-01T01:00:00.0,gen-204,-0.0
2019-01-01T00:00:00.0,gen-521,0.0
2019-01-01T01:00:00.0,gen-521,0.0
2019-01-01T00:00:00.0,gen-863,0.0
2019-01-01T01:00:00.0,gen-863,-0.0
2019-01-01T00:00:00.0,gen-166,0.0
2019-01-01T01:00:00.0,gen-166,-0.0
2019-01-01T00:00:00.0,gen-2000,0.0
2019-01-01T01:00:00.0,gen-2000,-0.0
2019-01-01T00:00:00.0,gen-817,0.0
2019-01-01T01:00:00.0,gen-817,-0.0
2019-01-01T00:00:00.0,gen-947,0.0
2019-01-01T01:00:00.0,gen-947,-0.0
2019-01-01T00:00:00.0,gen-504,0.0
2019-01-01T01:00:00.0,gen-504,0.0
2019-01-01T00:00:00.0,gen-364,0.0
2019-01-01T01:00:00.0,gen-364,-0.0
2019-01-01T00:00:00.0,gen-200,0.0
2019-01-01T01:00:00.0,gen-200,-0.0
2019-01-01T00:00:00.0,gen-1234,0.0
2019-01-01T01:00:00.0,gen-1234,-0.0
2019-01-01T00:00:00.0,gen-464,0.0
2019-01-01T01:00:00.0,gen-464,-0.0
2019-01-01T00:00:00.0,gen-401,0.0
2019-01-01T01:00:00.0,gen-401,-0.0
2019-01-01T00:00:00.0,gen-1017,0.0
2019-01-01T01:00:00.0,gen-1017,-0.0
2019-01-01T00:00:00.0,gen-1443,0.0
2019-01-01T01:00:00.0,gen-1443,-0.0
2019-01-01T00:00:00.0,gen-454,0.0
2019-01-01T01:00:00.0,gen-454,-0.0
2019-01-01T00:00:00.0,gen-1165,0.0
2019-01-01T01:00:00.0,gen-1165,-0.0
2019-01-01T00:00:00.0,gen-714,0.0
2019-01-01T01:00:00.0,gen-714,-0.0
2019-01-01T00:00:00.0,gen-656,0.0
2019-01-01T01:00:00.0,gen-656,-0.0
2019-01-01T00:00:00.0,gen-670,0.0
2019-01-01T01:00:00.0,gen-670,-0.0
2019-01-01T00:00:00.0,gen-406,0.0
2019-01-01T01:00:00.0,gen-406,0.0
2019-01-01T00:00:00.0,gen-633,0.0
2019-01-01T01:00:00.0,gen-633,-0.0
2019-01-01T00:00:00.0,gen-2111,0.0
2019-01-01T01:00:00.0,gen-2111,-0.0
2019-01-01T00:00:00.0,gen-643,0.0
2019-01-01T01:00:00.0,gen-643,-0.0
2019-01-01T00:00:00.0,gen-2091,0.0
2019-01-01T01:00:00.0,gen-2091,-0.0
2019-01-01T00:00:00.0,gen-2114,0.0
2019-01-01T01:00:00.0,gen-2114,-0.0
2019-01-01T00:00:00.0,gen-534,0.0
2019-01-01T01:00:00.0,gen-534,-0.0
2019-01-01T00:00:00.0,gen-663,0.0
2019-01-01T01:00:00.0,gen-663,-0.0
2019-01-01T00:00:00.0,gen-578,0.0
2019-01-01T01:00:00.0,gen-578,-0.0
2019-01-01T00:00:00.0,gen-61,0.0
2019-01-01T01:00:00.0,gen-61,-0.0
2019-01-01T00:00:00.0,gen-1619,0.0
2019-01-01T01:00:00.0,gen-1619,-0.0
2019-01-01T00:00:00.0,gen-704,0.0
2019-01-01T01:00:00.0,gen-704,-0.0
2019-01-01T00:00:00.0,gen-856,0.0
2019-01-01T01:00:00.0,gen-856,-0.0
2019-01-01T00:00:00.0,gen-2039,0.0
2019-01-01T01:00:00.0,gen-2039,-0.0
2019-01-01T00:00:00.0,gen-45,0.0
2019-01-01T01:00:00.0,gen-45,-0.0
2019-01-01T00:00:00.0,gen-801,0.0
2019-01-01T01:00:00.0,gen-801,-0.0
2019-01-01T00:00:00.0,gen-1511,0.0
2019-01-01T01:00:00.0,gen-1511,-0.0
2019-01-01T00:00:00.0,gen-893,0.0
2019-01-01T01:00:00.0,gen-893,-0.0
2019-01-01T00:00:00.0,gen-1434,0.0
2019-01-01T01:00:00.0,gen-1434,-0.0
2019-01-01T00:00:00.0,gen-755,0.0
2019-01-01T01:00:00.0,gen-755,-0.0
2019-01-01T00:00:00.0,gen-1469,0.0
2019-01-01T01:00:00.0,gen-1469,-0.0
2019-01-01T00:00:00.0,gen-728,0.0
2019-01-01T01:00:00.0,gen-728,-0.0
2019-01-01T00:00:00.0,gen-230,0.0
2019-01-01T01:00:00.0,gen-230,-0.0
2019-01-01T00:00:00.0,gen-902,0.0
2019-01-01T01:00:00.0,gen-902,-0.0
2019-01-01T00:00:00.0,gen-1003,0.0
2019-01-01T01:00:00.0,gen-1003,-0.0
2019-01-01T00:00:00.0,gen-519,0.0
2019-01-01T01:00:00.0,gen-519,-0.0
2019-01-01T00:00:00.0,gen-700,0.0
2019-01-01T01:00:00.0,gen-700,-0.0
2019-01-01T00:00:00.0,gen-824,0.0
2019-01-01T01:00:00.0,gen-824,-0.0
2019-01-01T00:00:00.0,gen-828,0.0
2019-01-01T01:00:00.0,gen-828,-0.0
2019-01-01T00:00:00.0,gen-724,0.0
2019-01-01T01:00:00.0,gen-724,-0.0
2019-01-01T00:00:00.0,gen-810,0.0
2019-01-01T01:00:00.0,gen-810,-0.0
2019-01-01T00:00:00.0,gen-1620,0.0
2019-01-01T01:00:00.0,gen-1620,-0.0
2019-01-01T00:00:00.0,gen-1214,0.0
2019-01-01T01:00:00.0,gen-1214,-0.0
2019-01-01T00:00:00.0,gen-612,0.0
2019-01-01T01:00:00.0,gen-612,-0.0
2019-01-01T00:00:00.0,gen-877,0.0
2019-01-01T01:00:00.0,gen-877,-0.0
2019-01-01T00:00:00.0,gen-2106,0.0
2019-01-01T01:00:00.0,gen-2106,-0.0
2019-01-01T00:00:00.0,gen-772,0.0
2019-01-01T01:00:00.0,gen-772,-0.0
2019-01-01T00:00:00.0,gen-523,0.0
2019-01-01T01:00:00.0,gen-523,0.0
2019-01-01T00:00:00.0,gen-1408,0.0
2019-01-01T01:00:00.0,gen-1408,-0.0
2019-01-01T00:00:00.0,gen-1374,0.0
2019-01-01T01:00:00.0,gen-1374,-0.0
2019-01-01T00:00:00.0,gen-985,0.0
2019-01-01T01:00:00.0,gen-985,-0.0
2019-01-01T00:00:00.0,gen-785,0.0
2019-01-01T01:00:00.0,gen-785,-0.0
2019-01-01T00:00:00.0,gen-894,0.0
2019-01-01T01:00:00.0,gen-894,-0.0
2019-01-01T00:00:00.0,gen-1066,0.0
2019-01-01T01:00:00.0,gen-1066,-0.0
2019-01-01T00:00:00.0,gen-180,0.0
2019-01-01T01:00:00.0,gen-180,-0.0
2019-01-01T00:00:00.0,gen-555,0.0
2019-01-01T01:00:00.0,gen-555,0.0
2019-01-01T00:00:00.0,gen-2090,0.0
2019-01-01T01:00:00.0,gen-2090,-0.0
2019-01-01T00:00:00.0,gen-1761,0.0
2019-01-01T01:00:00.0,gen-1761,-0.0
2019-01-01T00:00:00.0,gen-1228,0.0
2019-01-01T01:00:00.0,gen-1228,-0.0
2019-01-01T00:00:00.0,gen-1762,0.0
2019-01-01T01:00:00.0,gen-1762,-0.0
2019-01-01T00:00:00.0,gen-1227,0.0
2019-01-01T01:00:00.0,gen-1227,-0.0
2019-01-01T00:00:00.0,gen-1010,0.0
2019-01-01T01:00:00.0,gen-1010,-0.0
2019-01-01T00:00:00.0,gen-690,0.0
2019-01-01T01:00:00.0,gen-690,-0.0
2019-01-01T00:00:00.0,gen-946,0.0
2019-01-01T01:00:00.0,gen-946,-0.0
2019-01-01T00:00:00.0,gen-1533,0.0
2019-01-01T01:00:00.0,gen-1533,-0.0
2019-01-01T00:00:00.0,gen-345,0.0
2019-01-01T01:00:00.0,gen-345,-0.0
2019-01-01T00:00:00.0,gen-1260,0.0
2019-01-01T01:00:00.0,gen-1260,-0.0
2019-01-01T00:00:00.0,gen-747,0.0
2019-01-01T01:00:00.0,gen-747,-0.0
2019-01-01T00:00:00.0,gen-164,0.0
2019-01-01T01:00:00.0,gen-164,-0.0
2019-01-01T00:00:00.0,gen-1670,0.0
2019-01-01T01:00:00.0,gen-1670,-0.0
2019-01-01T00:00:00.0,gen-559,0.0
2019-01-01T01:00:00.0,gen-559,-0.0
2019-01-01T00:00:00.0,gen-1075,0.0
2019-01-01T01:00:00.0,gen-1075,-0.0
2019-01-01T00:00:00.0,gen-1263,0.0
2019-01-01T01:00:00.0,gen-1263,-0.0
2019-01-01T00:00:00.0,gen-357,0.0
2019-01-01T01:00:00.0,gen-357,-0.0
2019-01-01T00:00:00.0,gen-244,0.0
2019-01-01T01:00:00.0,gen-244,-0.0
2019-01-01T00:00:00.0,gen-393,0.0
2019-01-01T01:00:00.0,gen-393,-0.0
2019-01-01T00:00:00.0,gen-805,0.0
2019-01-01T01:00:00.0,gen-805,-0.0
2019-01-01T00:00:00.0,gen-2036,0.0
2019-01-01T01:00:00.0,gen-2036,-0.0
2019-01-01T00:00:00.0,gen-719,0.0
2019-01-01T01:00:00.0,gen-719,-0.0
2019-01-01T00:00:00.0,gen-838,0.0
2019-01-01T01:00:00.0,gen-838,-0.0
2019-01-01T00:00:00.0,gen-1220,0.0
2019-01-01T01:00:00.0,gen-1220,-0.0
2019-01-01T00:00:00.0,gen-931,0.0
2019-01-01T01:00:00.0,gen-931,-0.0
2019-01-01T00:00:00.0,gen-850,0.0
2019-01-01T01:00:00.0,gen-850,-0.0
2019-01-01T00:00:00.0,gen-552,0.0
2019-01-01T01:00:00.0,gen-552,0.0
2019-01-01T00:00:00.0,gen-410,0.0
2019-01-01T01:00:00.0,gen-410,-0.0
2019-01-01T00:00:00.0,gen-811,0.0
2019-01-01T01:00:00.0,gen-811,-0.0
2019-01-01T00:00:00.0,gen-1428,0.0
2019-01-01T01:00:00.0,gen-1428,-0.0
2019-01-01T00:00:00.0,gen-363,0.0
2019-01-01T01:00:00.0,gen-363,-0.0
2019-01-01T00:00:00.0,gen-109,0.0
2019-01-01T01:00:00.0,gen-109,-0.0
2019-01-01T00:00:00.0,gen-1473,0.0
2019-01-01T01:00:00.0,gen-1473,-0.0
2019-01-01T00:00:00.0,gen-875,0.0
2019-01-01T01:00:00.0,gen-875,-0.0
2019-01-01T00:00:00.0,gen-389,0.0
2019-01-01T01:00:00.0,gen-389,-0.0
2019-01-01T00:00:00.0,gen-1954,0.0
2019-01-01T01:00:00.0,gen-1954,-0.0
2019-01-01T00:00:00.0,gen-1230,0.0
2019-01-01T01:00:00.0,gen-1230,-0.0
2019-01-01T00:00:00.0,gen-723,0.0
2019-01-01T01:00:00.0,gen-723,-0.0
2019-01-01T00:00:00.0,gen-1064,0.0
2019-01-01T01:00:00.0,gen-1064,-0.0
2019-01-01T00:00:00.0,gen-725,0.0
2019-01-01T01:00:00.0,gen-725,-0.0
2019-01-01T00:00:00.0,gen-883,0.0
2019-01-01T01:00:00.0,gen-883,-0.0
2019-01-01T00:00:00.0,gen-1530,0.0
2019-01-01T01:00:00.0,gen-1530,-0.0
2019-01-01T00:00:00.0,gen-501,0.0
2019-01-01T01:00:00.0,gen-501,-0.0
2019-01-01T00:00:00.0,gen-1461,0.0
2019-01-01T01:00:00.0,gen-1461,-0.0
2019-01-01T00:00:00.0,gen-2115,0.0
2019-01-01T01:00:00.0,gen-2115,-0.0
2019-01-01T00:00:00.0,gen-1166,0.0
2019-01-01T01:00:00.0,gen-1166,-0.0
2019-01-01T00:00:00.0,gen-996,0.0
2019-01-01T01:00:00.0,gen-996,-0.0
2019-01-01T00:00:00.0,gen-727,0.0
2019-01-01T01:00:00.0,gen-727,-0.0
2019-01-01T00:00:00.0,gen-465,0.0
2019-01-01T01:00:00.0,gen-465,-0.0
2019-01-01T00:00:00.0,gen-542,0.0
2019-01-01T01:00:00.0,gen-542,-0.0
2019-01-01T00:00:00.0,gen-901,0.0
2019-01-01T01:00:00.0,gen-901,-0.0
2019-01-01T00:00:00.0,gen-833,0.0
2019-01-01T01:00:00.0,gen-833,-0.0
2019-01-01T00:00:00.0,gen-1771,0.0
2019-01-01T01:00:00.0,gen-1771,-0.0
2019-01-01T00:00:00.0,gen-928,0.0
2019-01-01T01:00:00.0,gen-928,-0.0
2019-01-01T00:00:00.0,gen-641,0.0
2019-01-01T01:00:00.0,gen-641,-0.0
2019-01-01T00:00:00.0,gen-2105,0.0
2019-01-01T01:00:00.0,gen-2105,-0.0
2019-01-01T00:00:00.0,gen-748,0.0
2019-01-01T01:00:00.0,gen-748,-0.0
2019-01-01T00:00:00.0,gen-1414,0.0
2019-01-01T01:00:00.0,gen-1414,-0.0
2019-01-01T00:00:00.0,gen-425,0.0
2019-01-01T01:00:00.0,gen-425,-0.0
2019-01-01T00:00:00.0,gen-615,0.0
2019-01-01T01:00:00.0,gen-615,-0.0
2019-01-01T00:00:00.0,gen-2121,0.0
2019-01-01T01:00:00.0,gen-2121,-0.0
2019-01-01T00:00:00.0,gen-350,0.0
2019-01-01T01:00:00.0,gen-350,0.0
2019-01-01T00:00:00.0,gen-948,0.0
2019-01-01T01:00:00.0,gen-948,-0.0
2019-01-01T00:00:00.0,gen-399,0.0
2019-01-01T01:00:00.0,gen-399,-0.0
2019-01-01T00:00:00.0,gen-865,0.0
2019-01-01T01:00:00.0,gen-865,-0.0
2019-01-01T00:00:00.0,gen-347,0.0
2019-01-01T01:00:00.0,gen-347,-0.0
2019-01-01T00:00:00.0,gen-564,0.0
2019-01-01T01:00:00.0,gen-564,-0.0
2019-01-01T00:00:00.0,gen-1441,0.0
2019-01-01T01:00:00.0,gen-1441,-0.0
2019-01-01T00:00:00.0,gen-238,0.0
2019-01-01T01:00:00.0,gen-238,-0.0
2019-01-01T00:00:00.0,gen-917,0.0
2019-01-01T01:00:00.0,gen-917,-0.0
2019-01-01T00:00:00.0,gen-941,0.0
2019-01-01T01:00:00.0,gen-941,-0.0
2019-01-01T00:00:00.0,gen-852,0.0
2019-01-01T01:00:00.0,gen-852,-0.0
2019-01-01T00:00:00.0,gen-814,0.0
2019-01-01T01:00:00.0,gen-814,-0.0
2019-01-01T00:00:00.0,gen-960,0.0
2019-01-01T01:00:00.0,gen-960,-0.0
2019-01-01T00:00:00.0,gen-798,0.0
2019-01-01T01:00:00.0,gen-798,0.0
2019-01-01T00:00:00.0,gen-874,0.0
2019-01-01T01:00:00.0,gen-874,-0.0
2019-01-01T00:00:00.0,gen-1039,0.0
2019-01-01T01:00:00.0,gen-1039,-0.0
2019-01-01T00:00:00.0,gen-514,0.0
2019-01-01T01:00:00.0,gen-514,-0.0
2019-01-01T00:00:00.0,gen-1764,0.0
2019-01-01T01:00:00.0,gen-1764,-0.0
2019-01-01T00:00:00.0,gen-840,0.0
2019-01-01T01:00:00.0,gen-840,-0.0
2019-01-01T00:00:00.0,gen-784,0.0
2019-01-01T01:00:00.0,gen-784,-0.0
2019-01-01T00:00:00.0,gen-722,0.0
2019-01-01T01:00:00.0,gen-722,-0.0
2019-01-01T00:00:00.0,gen-1862,0.0
2019-01-01T01:00:00.0,gen-1862,-0.0
2019-01-01T00:00:00.0,gen-1225,0.0
2019-01-01T01:00:00.0,gen-1225,-0.0
2019-01-01T00:00:00.0,gen-1553,0.0
2019-01-01T01:00:00.0,gen-1553,-0.0
2019-01-01T00:00:00.0,gen-2040,0.0
2019-01-01T01:00:00.0,gen-2040,-0.0
2019-01-01T00:00:00.0,gen-763,0.0
2019-01-01T01:00:00.0,gen-763,-0.0
2019-01-01T00:00:00.0,gen-649,0.0
2019-01-01T01:00:00.0,gen-649,-0.0
2019-01-01T00:00:00.0,gen-1475,0.0
2019-01-01T01:00:00.0,gen-1475,-0.0
2019-01-01T00:00:00.0,gen-878,0.0
2019-01-01T01:00:00.0,gen-878,-0.0
2019-01-01T00:00:00.0,gen-885,0.0
2019-01-01T01:00:00.0,gen-885,-0.0
2019-01-01T00:00:00.0,gen-645,0.0
2019-01-01T01:00:00.0,gen-645,-0.0
2019-01-01T00:00:00.0,gen-855,0.0
2019-01-01T01:00:00.0,gen-855,-0.0
2019-01-01T00:00:00.0,gen-426,0.0
2019-01-01T01:00:00.0,gen-426,-0.0
2019-01-01T00:00:00.0,gen-1018,0.0
2019-01-01T01:00:00.0,gen-1018,-0.0
2019-01-01T00:00:00.0,gen-594,0.0
2019-01-01T01:00:00.0,gen-594,-0.0
2019-01-01T00:00:00.0,gen-2118,0.0
2019-01-01T01:00:00.0,gen-2118,-0.0
2019-01-01T00:00:00.0,gen-927,0.0
2019-01-01T01:00:00.0,gen-927,-0.0
2019-01-01T00:00:00.0,gen-842,0.0
2019-01-01T01:00:00.0,gen-842,-0.0
2019-01-01T00:00:00.0,gen-556,0.0
2019-01-01T01:00:00.0,gen-556,0.0
2019-01-01T00:00:00.0,gen-522,0.0
2019-01-01T01:00:00.0,gen-522,0.0
2019-01-01T00:00:00.0,gen-812,0.0
2019-01-01T01:00:00.0,gen-812,-0.0
2019-01-01T00:00:00.0,gen-980,0.0
2019-01-01T01:00:00.0,gen-980,-0.0
2019-01-01T00:00:00.0,gen-414,0.0
2019-01-01T01:00:00.0,gen-414,-0.0
2019-01-01T00:00:00.0,gen-830,0.0
2019-01-01T01:00:00.0,gen-830,-0.0
2019-01-01T00:00:00.0,gen-935,0.0
2019-01-01T01:00:00.0,gen-935,-0.0
2019-01-01T00:00:00.0,gen-536,0.0
2019-01-01T01:00:00.0,gen-536,-0.0
2019-01-01T00:00:00.0,gen-1430,0.0
2019-01-01T01:00:00.0,gen-1430,-0.0
2019-01-01T00:00:00.0,gen-732,0.0
2019-01-01T01:00:00.0,gen-732,-0.0
2019-01-01T00:00:00.0,gen-1765,0.0
2019-01-01T01:00:00.0,gen-1765,-0.0
2019-01-01T00:00:00.0,gen-577,0.0
2019-01-01T01:00:00.0,gen-577,-0.0
2019-01-01T00:00:00.0,gen-41,0.0
2019-01-01T01:00:00.0,gen-41,-0.0
2019-01-01T00:00:00.0,gen-882,0.0
2019-01-01T01:00:00.0,gen-882,-0.0
2019-01-01T00:00:00.0,gen-1458,0.0
2019-01-01T01:00:00.0,gen-1458,-0.0
2019-01-01T00:00:00.0,gen-455,0.0
2019-01-01T01:00:00.0,gen-455,-0.0
2019-01-01T00:00:00.0,gen-660,0.0
2019-01-01T01:00:00.0,gen-660,-0.0
2019-01-01T00:00:00.0,gen-489,0.0
2019-01-01T01:00:00.0,gen-489,-0.0
2019-01-01T00:00:00.0,gen-1578,0.0
2019-01-01T01:00:00.0,gen-1578,-0.0
2019-01-01T00:00:00.0,gen-1725,0.0
2019-01-01T01:00:00.0,gen-1725,-0.0
2019-01-01T00:00:00.0,gen-1672,0.0
2019-01-01T01:00:00.0,gen-1672,-0.0
2019-01-01T00:00:00.0,gen-484,0.0
2019-01-01T01:00:00.0,gen-484,-0.0
2019-01-01T00:00:00.0,gen-1936,0.0
2019-01-01T01:00:00.0,gen-1936,-0.0
2019-01-01T00:00:00.0,gen-2068,0.0
2019-01-01T01:00:00.0,gen-2068,-0.0
2019-01-01T00:00:00.0,gen-458,0.0
2019-01-01T01:00:00.0,gen-458,-0.0
2019-01-01T00:00:00.0,gen-872,0.0
2019-01-01T01:00:00.0,gen-872,-0.0
2019-01-01T00:00:00.0,gen-920,0.0
2019-01-01T01:00:00.0,gen-920,-0.0
2019-01-01T00:00:00.0,gen-961,0.0
2019-01-01T01:00:00.0,gen-961,-0.0
2019-01-01T00:00:00.0,gen-108,0.0
2019-01-01T01:00:00.0,gen-108,-0.0
2019-01-01T00:00:00.0,gen-895,0.0
2019-01-01T01:00:00.0,gen-895,-0.0
2019-01-01T00:00:00.0,gen-456,0.0
2019-01-01T01:00:00.0,gen-456,-0.0
2019-01-01T00:00:00.0,gen-859,0.0
2019-01-01T01:00:00.0,gen-859,-0.0
2019-01-01T00:00:00.0,gen-506,0.0
2019-01-01T01:00:00.0,gen-506,0.0
2019-01-01T00:00:00.0,gen-537,0.0
2019-01-01T01:00:00.0,gen-537,0.0
2019-01-01T00:00:00.0,gen-899,0.0
2019-01-01T01:00:00.0,gen-899,-0.0
2019-01-01T00:00:00.0,gen-152,0.0
2019-01-01T01:00:00.0,gen-152,-0.0
2019-01-01T00:00:00.0,gen-701,0.0
2019-01-01T01:00:00.0,gen-701,-0.0
2019-01-01T00:00:00.0,gen-809,0.0
2019-01-01T01:00:00.0,gen-809,-0.0
2019-01-01T00:00:00.0,gen-919,0.0
2019-01-01T01:00:00.0,gen-919,-0.0
2019-01-01T00:00:00.0,gen-1236,0.0
2019-01-01T01:00:00.0,gen-1236,-0.0
2019-01-01T00:00:00.0,gen-226,0.0
2019-01-01T01:00:00.0,gen-226,-0.0
2019-01-01T00:00:00.0,gen-1613,0.0
2019-01-01T01:00:00.0,gen-1613,-0.0
2019-01-01T00:00:00.0,gen-481,0.0
2019-01-01T01:00:00.0,gen-481,-0.0
2019-01-01T00:00:00.0,gen-1893,0.0
2019-01-01T01:00:00.0,gen-1893,-0.0
2019-01-01T00:00:00.0,gen-1310,0.0
2019-01-01T01:00:00.0,gen-1310,-0.0
2019-01-01T00:00:00.0,gen-977,0.0
2019-01-01T01:00:00.0,gen-977,-0.0
2019-01-01T00:00:00.0,gen-2117,0.0
2019-01-01T01:00:00.0,gen-2117,-0.0
2019-01-01T00:00:00.0,gen-1543,0.0
2019-01-01T01:00:00.0,gen-1543,-0.0
2019-01-01T00:00:00.0,gen-205,0.0
2019-01-01T01:00:00.0,gen-205,-0.0
2019-01-01T00:00:00.0,gen-2,0.0
2019-01-01T01:00:00.0,gen-2,-0.0
2019-01-01T00:00:00.0,gen-1726,0.0
2019-01-01T01:00:00.0,gen-1726,-0.0
2019-01-01T00:00:00.0,gen-547,0.0
2019-01-01T01:00:00.0,gen-547,-0.0
2019-01-01T00:00:00.0,gen-606,0.0
2019-01-01T01:00:00.0,gen-606,-0.0
2019-01-01T00:00:00.0,gen-1403,0.0
2019-01-01T01:00:00.0,gen-1403,-0.0
2019-01-01T00:00:00.0,gen-915,0.0
2019-01-01T01:00:00.0,gen-915,-0.0
2019-01-01T00:00:00.0,gen-737,0.0
2019-01-01T01:00:00.0,gen-737,-0.0
2019-01-01T00:00:00.0,gen-46,0.0
2019-01-01T01:00:00.0,gen-46,-0.0
2019-01-01T00:00:00.0,gen-526,0.0
2019-01-01T01:00:00.0,gen-526,-0.0
2019-01-01T00:00:00.0,gen-518,0.0
2019-01-01T01:00:00.0,gen-518,-0.0
2019-01-01T00:00:00.0,gen-1479,0.0
2019-01-01T01:00:00.0,gen-1479,-0.0
2019-01-01T00:00:00.0,gen-203,0.0
2019-01-01T01:00:00.0,gen-203,-0.0
2019-01-01T00:00:00.0,gen-529,0.0
2019-01-01T01:00:00.0,gen-529,-0.0
2019-01-01T00:00:00.0,gen-167,0.0
2019-01-01T01:00:00.0,gen-167,-0.0
2019-01-01T00:00:00.0,gen-2024,0.0
2019-01-01T01:00:00.0,gen-2024,-0.0
2019-01-01T00:00:00.0,gen-222,0.0
2019-01-01T01:00:00.0,gen-222,-0.0
2019-01-01T00:00:00.0,gen-563,0.0
2019-01-01T01:00:00.0,gen-563,-0.0
2019-01-01T00:00:00.0,gen-963,0.0
2019-01-01T01:00:00.0,gen-963,-0.0
2019-01-01T00:00:00.0,gen-673,0.0
2019-01-01T01:00:00.0,gen-673,-0.0
2019-01-01T00:00:00.0,gen-2001,0.0
2019-01-01T01:00:00.0,gen-2001,-0.0
2019-01-01T00:00:00.0,gen-549,0.0
2019-01-01T01:00:00.0,gen-549,0.0
2019-01-01T00:00:00.0,gen-1261,0.0
2019-01-01T01:00:00.0,gen-1261,-0.0
2019-01-01T00:00:00.0,gen-2065,0.0
2019-01-01T01:00:00.0,gen-2065,-0.0
2019-01-01T00:00:00.0,gen-507,0.0
2019-01-01T01:00:00.0,gen-507,0.0
2019-01-01T00:00:00.0,gen-1433,0.0
2019-01-01T01:00:00.0,gen-1433,-0.0
2019-01-01T00:00:00.0,gen-2059,0.0
2019-01-01T01:00:00.0,gen-2059,-0.0
2019-01-01T00:00:00.0,gen-540,0.0
2019-01-01T01:00:00.0,gen-540,-0.0
2019-01-01T00:00:00.0,gen-351,0.0
2019-01-01T01:00:00.0,gen-351,0.0
2019-01-01T00:00:00.0,gen-1462,0.0
2019-01-01T01:00:00.0,gen-1462,-0.0
2019-01-01T00:00:00.0,gen-1328,0.0
2019-01-01T01:00:00.0,gen-1328,-0.0
2019-01-01T00:00:00.0,gen-450,0.0
2019-01-01T01:00:00.0,gen-450,-0.0
2019-01-01T00:00:00.0,gen-367,0.0
2019-01-01T01:00:00.0,gen-367,-0.0
2019-01-01T00:00:00.0,gen-1685,0.0
2019-01-01T01:00:00.0,gen-1685,-0.0
2019-01-01T00:00:00.0,gen-718,0.0
2019-01-01T01:00:00.0,gen-718,-0.0
2019-01-01T00:00:00.0,gen-1047,0.0
2019-01-01T01:00:00.0,gen-1047,-0.0
2019-01-01T00:00:00.0,gen-1544,0.0
2019-01-01T01:00:00.0,gen-1544,-0.0
2019-01-01T00:00:00.0,gen-775,0.0
2019-01-01T01:00:00.0,gen-775,-0.0
2019-01-01T00:00:00.0,gen-1808,0.0
2019-01-01T01:00:00.0,gen-1808,-0.0
2019-01-01T00:00:00.0,gen-692,0.0
2019-01-01T01:00:00.0,gen-692,-0.0
2019-01-01T00:00:00.0,gen-1218,0.0
2019-01-01T01:00:00.0,gen-1218,-0.0
2019-01-01T00:00:00.0,gen-181,0.0
2019-01-01T01:00:00.0,gen-181,-0.0
2019-01-01T00:00:00.0,gen-972,0.0
2019-01-01T01:00:00.0,gen-972,-0.0
2019-01-01T00:00:00.0,gen-1684,0.0
2019-01-01T01:00:00.0,gen-1684,-0.0
2019-01-01T00:00:00.0,gen-944,0.0
2019-01-01T01:00:00.0,gen-944,-0.0
2019-01-01T00:00:00.0,gen-676,0.0
2019-01-01T01:00:00.0,gen-676,-0.0
2019-01-01T00:00:00.0,gen-841,0.0
2019-01-01T01:00:00.0,gen-841,-0.0
2019-01-01T00:00:00.0,gen-886,0.0
2019-01-01T01:00:00.0,gen-886,-0.0
2019-01-01T00:00:00.0,gen-50,0.0
2019-01-01T01:00:00.0,gen-50,-0.0
2019-01-01T00:00:00.0,gen-390,0.0
2019-01-01T01:00:00.0,gen-390,-0.0
2019-01-01T00:00:00.0,gen-219,0.0
2019-01-01T01:00:00.0,gen-219,-0.0
2019-01-01T00:00:00.0,gen-1823,0.0
2019-01-01T01:00:00.0,gen-1823,-0.0
2019-01-01T00:00:00.0,gen-59,0.0
2019-01-01T01:00:00.0,gen-59,-0.0
2019-01-01T00:00:00.0,gen-746,0.0
2019-01-01T01:00:00.0,gen-746,-0.0
2019-01-01T00:00:00.0,gen-1073,0.0
2019-01-01T01:00:00.0,gen-1073,-0.0
2019-01-01T00:00:00.0,gen-762,0.0
2019-01-01T01:00:00.0,gen-762,-0.0
2019-01-01T00:00:00.0,gen-216,0.0
2019-01-01T01:00:00.0,gen-216,-0.0
2019-01-01T00:00:00.0,gen-1216,0.0
2019-01-01T01:00:00.0,gen-1216,-0.0
2019-01-01T00:00:00.0,gen-860,0.0
2019-01-01T01:00:00.0,gen-860,-0.0
2019-01-01T00:00:00.0,gen-228,0.0
2019-01-01T01:00:00.0,gen-228,-0.0
2019-01-01T00:00:00.0,gen-610,0.0
2019-01-01T01:00:00.0,gen-610,-0.0
2019-01-01T00:00:00.0,gen-1067,0.0
2019-01-01T01:00:00.0,gen-1067,-0.0
2019-01-01T00:00:00.0,gen-1460,0.0
2019-01-01T01:00:00.0,gen-1460,-0.0
2019-01-01T00:00:00.0,gen-2074,0.0
2019-01-01T01:00:00.0,gen-2074,-0.0
2019-01-01T00:00:00.0,gen-2061,0.0
2019-01-01T01:00:00.0,gen-2061,-0.0
2019-01-01T00:00:00.0,gen-721,0.0
2019-01-01T01:00:00.0,gen-721,-0.0
2019-01-01T00:00:00.0,gen-579,0.0
2019-01-01T01:00:00.0,gen-579,-0.0
2019-01-01T00:00:00.0,gen-759,0.0
2019-01-01T01:00:00.0,gen-759,-0.0
2019-01-01T00:00:00.0,gen-2058,0.0
2019-01-01T01:00:00.0,gen-2058,-0.0
2019-01-01T00:00:00.0,gen-853,0.0
2019-01-01T01:00:00.0,gen-853,-0.0
2019-01-01T00:00:00.0,gen-1431,0.0
2019-01-01T01:00:00.0,gen-1431,-0.0
2019-01-01T00:00:00.0,gen-486,0.0
2019-01-01T01:00:00.0,gen-486,-0.0
2019-01-01T00:00:00.0,gen-538,0.0
2019-01-01T01:00:00.0,gen-538,0.0
2019-01-01T00:00:00.0,gen-2043,0.0
2019-01-01T01:00:00.0,gen-2043,-0.0
2019-01-01T00:00:00.0,gen-1404,0.0
2019-01-01T01:00:00.0,gen-1404,-0.0
2019-01-01T00:00:00.0,gen-991,0.0
2019-01-01T01:00:00.0,gen-991,-0.0
2019-01-01T00:00:00.0,gen-858,0.0
2019-01-01T01:00:00.0,gen-858,-0.0
2019-01-01T00:00:00.0,gen-943,0.0
2019-01-01T01:00:00.0,gen-943,-0.0
2019-01-01T00:00:00.0,gen-1069,0.0
2019-01-01T01:00:00.0,gen-1069,-0.0
2019-01-01T00:00:00.0,gen-161,0.0
2019-01-01T01:00:00.0,gen-161,-0.0
2019-01-01T00:00:00.0,gen-851,0.0
2019-01-01T01:00:00.0,gen-851,-0.0
2019-01-01T00:00:00.0,gen-179,0.0
2019-01-01T01:00:00.0,gen-179,-0.0
2019-01-01T00:00:00.0,gen-2066,0.0
2019-01-01T01:00:00.0,gen-2066,-0.0
2019-01-01T00:00:00.0,gen-1541,0.0
2019-01-01T01:00:00.0,gen-1541,-0.0
2019-01-01T00:00:00.0,gen-1612,0.0
2019-01-01T01:00:00.0,gen-1612,-0.0
2019-01-01T00:00:00.0,gen-544,0.0
2019-01-01T01:00:00.0,gen-544,-0.0
2019-01-01T00:00:00.0,gen-1311,0.0
2019-01-01T01:00:00.0,gen-1311,-0.0
2019-01-01T00:00:00.0,gen-688,0.0
2019-01-01T01:00:00.0,gen-688,-0.0
2019-01-01T00:00:00.0,gen-992,0.0
2019-01-01T01:00:00.0,gen-992,-0.0
2019-01-01T00:00:00.0,gen-3,0.0
2019-01-01T01:00:00.0,gen-3,-0.0
2019-01-01T00:00:00.0,gen-940,0.0
2019-01-01T01:00:00.0,gen-940,-0.0
2019-01-01T00:00:00.0,gen-2108,0.0
2019-01-01T01:00:00.0,gen-2108,-0.0
2019-01-01T00:00:00.0,gen-955,0.0
2019-01-01T01:00:00.0,gen-955,-0.0
2019-01-01T00:00:00.0,gen-2120,0.0
2019-01-01T01:00:00.0,gen-2120,-0.0
2019-01-01T00:00:00.0,gen-685,0.0
2019-01-01T01:00:00.0,gen-685,-0.0
2019-01-01T00:00:00.0,gen-994,0.0
2019-01-01T01:00:00.0,gen-994,-0.0
2019-01-01T00:00:00.0,gen-706,0.0
2019-01-01T01:00:00.0,gen-706,-0.0
2019-01-01T00:00:00.0,gen-698,0.0
2019-01-01T01:00:00.0,gen-698,0.0
2019-01-01T00:00:00.0,gen-889,0.0
2019-01-01T01:00:00.0,gen-889,-0.0
2019-01-01T00:00:00.0,gen-862,0.0
2019-01-01T01:00:00.0,gen-862,-0.0
2019-01-01T00:00:00.0,gen-1825,0.0
2019-01-01T01:00:00.0,gen-1825,-0.0
2019-01-01T00:00:00.0,gen-475,0.0
2019-01-01T01:00:00.0,gen-475,-0.0
2019-01-01T00:00:00.0,gen-989,0.0
2019-01-01T01:00:00.0,gen-989,-0.0
2019-01-01T00:00:00.0,gen-897,0.0
2019-01-01T01:00:00.0,gen-897,-0.0
2019-01-01T00:00:00.0,gen-716,0.0
2019-01-01T01:00:00.0,gen-716,-0.0
2019-01-01T00:00:00.0,gen-739,0.0
2019-01-01T01:00:00.0,gen-739,-0.0
2019-01-01T00:00:00.0,gen-2067,0.0
2019-01-01T01:00:00.0,gen-2067,-0.0
2019-01-01T00:00:00.0,gen-473,0.0
2019-01-01T01:00:00.0,gen-473,-0.0
2019-01-01T00:00:00.0,gen-1873,0.0
2019-01-01T01:00:00.0,gen-1873,-0.0
2019-01-01T00:00:00.0,gen-1472,0.0
2019-01-01T01:00:00.0,gen-1472,-0.0
2019-01-01T00:00:00.0,gen-447,0.0
2019-01-01T01:00:00.0,gen-447,-0.0
2019-01-01T00:00:00.0,gen-908,0.0
2019-01-01T01:00:00.0,gen-908,0.0
2019-01-01T00:00:00.0,gen-932,0.0
2019-01-01T01:00:00.0,gen-932,-0.0
2019-01-01T00:00:00.0,gen-982,0.0
2019-01-01T01:00:00.0,gen-982,-0.0
2019-01-01T00:00:00.0,gen-734,0.0
2019-01-01T01:00:00.0,gen-734,-0.0
2019-01-01T00:00:00.0,gen-916,0.0
2019-01-01T01:00:00.0,gen-916,-0.0
2019-01-01T00:00:00.0,gen-976,0.0
2019-01-01T01:00:00.0,gen-976,-0.0
2019-01-01T00:00:00.0,gen-665,0.0
2019-01-01T01:00:00.0,gen-665,-0.0
2019-01-01T00:00:00.0,gen-1226,0.0
2019-01-01T01:00:00.0,gen-1226,-0.0
2019-01-01T00:00:00.0,gen-1551,0.0
2019-01-01T01:00:00.0,gen-1551,-0.0
2019-01-01T00:00:00.0,gen-657,0.0
2019-01-01T01:00:00.0,gen-657,-0.0
2019-01-01T00:00:00.0,gen-869,0.0
2019-01-01T01:00:00.0,gen-869,-0.0
2019-01-01T00:00:00.0,gen-777,0.0
2019-01-01T01:00:00.0,gen-777,-0.0
2019-01-01T00:00:00.0,gen-650,0.0
2019-01-01T01:00:00.0,gen-650,-0.0
2019-01-01T00:00:00.0,gen-900,0.0
2019-01-01T01:00:00.0,gen-900,-0.0
2019-01-01T00:00:00.0,gen-707,0.0
2019-01-01T01:00:00.0,gen-707,-0.0
2019-01-01T00:00:00.0,gen-2034,0.0
2019-01-01T01:00:00.0,gen-2034,-0.0
2019-01-01T00:00:00.0,gen-870,0.0
2019-01-01T01:00:00.0,gen-870,-0.0
2019-01-01T00:00:00.0,gen-1025,0.0
2019-01-01T01:00:00.0,gen-1025,0.0
2019-01-01T00:00:00.0,gen-1299,0.0
2019-01-01T01:00:00.0,gen-1299,-0.0
2019-01-01T00:00:00.0,gen-621,0.0
2019-01-01T01:00:00.0,gen-621,-0.0
2019-01-01T00:00:00.0,gen-452,0.0
2019-01-01T01:00:00.0,gen-452,-0.0
2019-01-01T00:00:00.0,gen-1001,0.0
2019-01-01T01:00:00.0,gen-1001,-0.0
2019-01-01T00:00:00.0,gen-567,0.0
2019-01-01T01:00:00.0,gen-567,-0.0
2019-01-01T00:00:00.0,gen-451,0.0
2019-01-01T01:00:00.0,gen-451,-0.0
2019-01-01T00:00:00.0,gen-1682,0.0
2019-01-01T01:00:00.0,gen-1682,-0.0
2019-01-01T00:00:00.0,gen-2116,0.0
2019-01-01T01:00:00.0,gen-2116,-0.0
2019-01-01T00:00:00.0,gen-774,0.0
2019-01-01T01:00:00.0,gen-774,-0.0
2019-01-01T00:00:00.0,gen-358,0.0
2019-01-01T01:00:00.0,gen-358,-0.0
2019-01-01T00:00:00.0,gen-1231,0.0
2019-01-01T01:00:00.0,gen-1231,-0.0
2019-01-01T00:00:00.0,gen-710,0.0
2019-01-01T01:00:00.0,gen-710,-0.0
2019-01-01T00:00:00.0,gen-558,0.0
2019-01-01T01:00:00.0,gen-558,-0.0
2019-01-01T00:00:00.0,gen-1452,0.0
2019-01-01T01:00:00.0,gen-1452,-0.0
2019-01-01T00:00:00.0,gen-182,0.0
2019-01-01T01:00:00.0,gen-182,-0.0
2019-01-01T00:00:00.0,gen-1277,0.0
2019-01-01T01:00:00.0,gen-1277,-0.0
2019-01-01T00:00:00.0,gen-887,0.0
2019-01-01T01:00:00.0,gen-887,-0.0
2019-01-01T00:00:00.0,gen-949,0.0
2019-01-01T01:00:00.0,gen-949,-0.0
2019-01-01T00:00:00.0,gen-699,0.0
2019-01-01T01:00:00.0,gen-699,-0.0
2019-01-01T00:00:00.0,gen-730,0.0
2019-01-01T01:00:00.0,gen-730,-0.0
2019-01-01T00:00:00.0,gen-655,0.0
2019-01-01T01:00:00.0,gen-655,-0.0
2019-01-01T00:00:00.0,gen-528,0.0
2019-01-01T01:00:00.0,gen-528,-0.0
2019-01-01T00:00:00.0,gen-866,0.0
2019-01-01T01:00:00.0,gen-866,-0.0
2019-01-01T00:00:00.0,gen-884,0.0
2019-01-01T01:00:00.0,gen-884,-0.0
2019-01-01T00:00:00.0,gen-628,0.0
2019-01-01T01:00:00.0,gen-628,-0.0
2019-01-01T00:00:00.0,gen-813,0.0
2019-01-01T01:00:00.0,gen-813,0.0
2019-01-01T00:00:00.0,gen-1417,0.0
2019-01-01T01:00:00.0,gen-1417,-0.0
2019-01-01T00:00:00.0,gen-466,0.0
2019-01-01T01:00:00.0,gen-466,-0.0
2019-01-01T00:00:00.0,gen-888,0.0
2019-01-01T01:00:00.0,gen-888,-0.0
2019-01-01T00:00:00.0,gen-394,0.0
2019-01-01T01:00:00.0,gen-394,-0.0
2019-01-01T00:00:00.0,gen-1061,0.0
2019-01-01T01:00:00.0,gen-1061,-0.0
2019-01-01T00:00:00.0,gen-1297,0.0
2019-01-01T01:00:00.0,gen-1297,-0.0
2019-01-01T00:00:00.0,gen-1435,0.0
2019-01-01T01:00:00.0,gen-1435,-0.0
2019-01-01T00:00:00.0,gen-446,0.0
2019-01-01T01:00:00.0,gen-446,-0.0
2019-01-01T00:00:00.0,gen-2060,0.0
2019-01-01T01:00:00.0,gen-2060,-0.0
2019-01-01T00:00:00.0,gen-412,0.0
2019-01-01T01:00:00.0,gen-412,-0.0
2019-01-01T00:00:00.0,gen-403,0.0
2019-01-01T01:00:00.0,gen-403,-0.0
2019-01-01T00:00:00.0,gen-2107,0.0
2019-01-01T01:00:00.0,gen-2107,-0.0
2019-01-01T00:00:00.0,gen-1546,0.0
2019-01-01T01:00:00.0,gen-1546,-0.0
2019-01-01T00:00:00.0,gen-479,0.0
2019-01-01T01:00:00.0,gen-479,-0.0
2019-01-01T00:00:00.0,gen-761,0.0
2019-01-01T01:00:00.0,gen-761,-0.0
2019-01-01T00:00:00.0,gen-448,0.0
2019-01-01T01:00:00.0,gen-448,-0.0
2019-01-01T00:00:00.0,gen-48,0.0
2019-01-01T01:00:00.0,gen-48,-0.0
2019-01-01T00:00:00.0,gen-404,0.0
2019-01-01T01:00:00.0,gen-404,-0.0
2019-01-01T00:00:00.0,gen-711,0.0
2019-01-01T01:00:00.0,gen-711,-0.0
2019-01-01T00:00:00.0,gen-597,0.0
2019-01-01T01:00:00.0,gen-597,-0.0
2019-01-01T00:00:00.0,gen-715,0.0
2019-01-01T01:00:00.0,gen-715,-0.0
2019-01-01T00:00:00.0,gen-1591,0.0
2019-01-01T01:00:00.0,gen-1591,-0.0
2019-01-01T00:00:00.0,gen-539,0.0
2019-01-01T01:00:00.0,gen-539,0.0
2019-01-01T00:00:00.0,gen-156,0.0
2019-01-01T01:00:00.0,gen-156,-0.0
2019-01-01T00:00:00.0,gen-630,0.0
2019-01-01T01:00:00.0,gen-630,-0.0
2019-01-01T00:00:00.0,gen-553,0.0
2019-01-01T01:00:00.0,gen-553,0.0
2019-01-01T00:00:00.0,gen-221,0.0
2019-01-01T01:00:00.0,gen-221,-0.0
2019-01-01T00:00:00.0,gen-490,0.0
2019-01-01T01:00:00.0,gen-490,-0.0
2019-01-01T00:00:00.0,gen-1305,0.0
2019-01-01T01:00:00.0,gen-1305,-0.0
2019-01-01T00:00:00.0,gen-575,0.0
2019-01-01T01:00:00.0,gen-575,-0.0
2019-01-01T00:00:00.0,gen-1062,0.0
2019-01-01T01:00:00.0,gen-1062,-0.0
2019-01-01T00:00:00.0,gen-392,0.0
2019-01-01T01:00:00.0,gen-392,-0.0
2019-01-01T00:00:00.0,gen-1037,0.0
2019-01-01T01:00:00.0,gen-1037,-0.0
2019-01-01T00:00:00.0,gen-402,0.0
2019-01-01T01:00:00.0,gen-402,-0.0
2019-01-01T00:00:00.0,gen-1785,0.0
2019-01-01T01:00:00.0,gen-1785,-0.0
2019-01-01T00:00:00.0,gen-1728,0.0
2019-01-01T01:00:00.0,gen-1728,-0.0
2019-01-01T00:00:00.0,gen-738,0.0
2019-01-01T01:00:00.0,gen-738,-0.0
2019-01-01T00:00:00.0,gen-1442,0.0
2019-01-01T01:00:00.0,gen-1442,-0.0
2019-01-01T00:00:00.0,gen-906,0.0
2019-01-01T01:00:00.0,gen-906,-0.0
2019-01-01T00:00:00.0,gen-478,0.0
2019-01-01T01:00:00.0,gen-478,-0.0
2019-01-01T00:00:00.0,gen-2042,0.0
2019-01-01T01:00:00.0,gen-2042,-0.0
2019-01-01T00:00:00.0,gen-395,0.0
2019-01-01T01:00:00.0,gen-395,-0.0
2019-01-01T00:00:00.0,gen-391,0.0
2019-01-01T01:00:00.0,gen-391,-0.0
2019-01-01T00:00:00.0,gen-658,0.0
2019-01-01T01:00:00.0,gen-658,-0.0
2019-01-01T00:00:00.0,gen-2041,0.0
2019-01-01T01:00:00.0,gen-2041,-0.0
2019-01-01T00:00:00.0,gen-717,0.0
2019-01-01T01:00:00.0,gen-717,-0.0
2019-01-01T00:00:00.0,gen-1531,0.0
2019-01-01T01:00:00.0,gen-1531,-0.0
2019-01-01T00:00:00.0,gen-551,0.0
2019-01-01T01:00:00.0,gen-551,0.0
2019-01-01T00:00:00.0,gen-2035,0.0
2019-01-01T01:00:00.0,gen-2035,-0.0
2019-01-01T00:00:00.0,gen-1026,0.0
2019-01-01T01:00:00.0,gen-1026,0.0
2019-01-01T00:00:00.0,gen-662,0.0
2019-01-01T01:00:00.0,gen-662,-0.0
2019-01-01T00:00:00.0,gen-1438,0.0
2019-01-01T01:00:00.0,gen-1438,-0.0
2019-01-01T00:00:00.0,gen-1369,0.0
2019-01-01T01:00:00.0,gen-1369,-0.0
2019-01-01T00:00:00.0,gen-1934,0.0
2019-01-01T01:00:00.0,gen-1934,-0.0
2019-01-01T00:00:00.0,gen-42,0.0
2019-01-01T01:00:00.0,gen-42,-0.0
2019-01-01T00:00:00.0,gen-987,0.0
2019-01-01T01:00:00.0,gen-987,-0.0
2019-01-01T00:00:00.0,gen-1380,0.0
2019-01-01T01:00:00.0,gen-1380,-0.0
2019-01-01T00:00:00.0,gen-758,0.0
2019-01-01T01:00:00.0,gen-758,0.0
2019-01-01T00:00:00.0,gen-968,0.0
2019-01-01T01:00:00.0,gen-968,-0.0
2019-01-01T00:00:00.0,gen-44,0.0
2019-01-01T01:00:00.0,gen-44,-0.0
2019-01-01T00:00:00.0,gen-508,0.0
2019-01-01T01:00:00.0,gen-508,0.0
2019-01-01T00:00:00.0,gen-1398,0.0
2019-01-01T01:00:00.0,gen-1398,-0.0
2019-01-01T00:00:00.0,gen-1826,0.0
2019-01-01T01:00:00.0,gen-1826,-0.0
2019-01-01T00:00:00.0,gen-1224,0.0
2019-01-01T01:00:00.0,gen-1224,0.0
2019-01-01T00:00:00.0,gen-703,0.0
2019-01-01T01:00:00.0,gen-703,-0.0
2019-01-01T00:00:00.0,gen-397,0.0
2019-01-01T01:00:00.0,gen-397,-0.0
2019-01-01T00:00:00.0,gen-898,0.0
2019-01-01T01:00:00.0,gen-898,-0.0
2019-01-01T00:00:00.0,gen-914,0.0
2019-01-01T01:00:00.0,gen-914,-0.0
2019-01-01T00:00:00.0,gen-1470,0.0
2019-01-01T01:00:00.0,gen-1470,-0.0
2019-01-01T00:00:00.0,gen-422,0.0
2019-01-01T01:00:00.0,gen-422,-0.0
2019-01-01T00:00:00.0,gen-1223,0.0
2019-01-01T01:00:00.0,gen-1223,-0.0
2019-01-01T00:00:00.0,gen-821,0.0
2019-01-01T01:00:00.0,gen-821,-0.0
2019-01-01T00:00:00.0,gen-826,0.0
2019-01-01T01:00:00.0,gen-826,-0.0
2019-01-01T00:00:00.0,gen-560,0.0
2019-01-01T01:00:00.0,gen-560,-0.0
2019-01-01T00:00:00.0,gen-846,0.0
2019-01-01T01:00:00.0,gen-846,-0.0
2019-01-01T00:00:00.0,gen-1016,0.0
2019-01-01T01:00:00.0,gen-1016,-0.0
2019-01-01T00:00:00.0,gen-1763,0.0
2019-01-01T01:00:00.0,gen-1763,-0.0
2019-01-01T00:00:00.0,gen-349,0.0
2019-01-01T01:00:00.0,gen-349,-0.0
2019-01-01T00:00:00.0,gen-1264,0.0
2019-01-01T01:00:00.0,gen-1264,-0.0
2019-01-01T00:00:00.0,gen-477,0.0
2019-01-01T01:00:00.0,gen-477,-0.0
2019-01-01T00:00:00.0,gen-712,0.0
2019-01-01T01:00:00.0,gen-712,-0.0
2019-01-01T00:00:00.0,gen-443,0.0
2019-01-01T01:00:00.0,gen-443,-0.0
2019-01-01T00:00:00.0,gen-202,0.0
2019-01-01T01:00:00.0,gen-202,-0.0
2019-01-01T00:00:00.0,gen-1046,0.0
2019-01-01T01:00:00.0,gen-1046,-0.0
2019-01-01T00:00:00.0,gen-235,0.0
2019-01-01T01:00:00.0,gen-235,-0.0
2019-01-01T00:00:00.0,gen-1611,0.0
2019-01-01T01:00:00.0,gen-1611,-0.0
2019-01-01T00:00:00.0,gen-634,0.0
2019-01-01T01:00:00.0,gen-634,-0.0
2019-01-01T00:00:00.0,gen-677,0.0
2019-01-01T01:00:00.0,gen-677,-0.0
2019-01-01T00:00:00.0,gen-820,0.0
2019-01-01T01:00:00.0,gen-820,-0.0
2019-01-01T00:00:00.0,gen-1502,0.0
2019-01-01T01:00:00.0,gen-1502,-0.0
2019-01-01T00:00:00.0,gen-1407,0.0
2019-01-01T01:00:00.0,gen-1407,-0.0
2019-01-01T00:00:00.0,gen-825,0.0
2019-01-01T01:00:00.0,gen-825,-0.0
2019-01-01T00:00:00.0,gen-674,0.0
2019-01-01T01:00:00.0,gen-674,-0.0
2019-01-01T00:00:00.0,gen-648,0.0
2019-01-01T01:00:00.0,gen-648,-0.0
2019-01-01T00:00:00.0,gen-934,0.0
2019-01-01T01:00:00.0,gen-934,-0.0
2019-01-01T00:00:00.0,gen-582,0.0
2019-01-01T01:00:00.0,gen-582,-0.0
2019-01-01T00:00:00.0,gen-708,0.0
2019-01-01T01:00:00.0,gen-708,-0.0
2019-01-01T00:00:00.0,gen-1011,0.0
2019-01-01T01:00:00.0,gen-1011,-0.0
2019-01-01T00:00:00.0,gen-653,0.0
2019-01-01T01:00:00.0,gen-653,-0.0
2019-01-01T00:00:00.0,gen-1023,0.0
2019-01-01T01:00:00.0,gen-1023,0.0
2019-01-01T00:00:00.0,gen-1482,0.0
2019-01-01T01:00:00.0,gen-1482,-0.0
2019-01-01T00:00:00.0,gen-1331,0.0
2019-01-01T01:00:00.0,gen-1331,-0.0
2019-01-01T00:00:00.0,gen-839,0.0
2019-01-01T01:00:00.0,gen-839,-0.0
2019-01-01T00:00:00.0,gen-2056,0.0
2019-01-01T01:00:00.0,gen-2056,-0.0
2019-01-01T00:00:00.0,gen-218,0.0
2019-01-01T01:00:00.0,gen-218,-0.0
2019-01-01T00:00:00.0,gen-806,0.0
2019-01-01T01:00:00.0,gen-806,-0.0
2019-01-01T00:00:00.0,gen-1550,0.0
2019-01-01T01:00:00.0,gen-1550,-0.0
2019-01-01T00:00:00.0,gen-783,0.0
2019-01-01T01:00:00.0,gen-783,-0.0
2019-01-01T00:00:00.0,gen-1946,0.0
2019-01-01T01:00:00.0,gen-1946,-0.0
2019-01-01T00:00:00.0,gen-505,0.0
2019-01-01T01:00:00.0,gen-505,0.0
2019-01-01T00:00:00.0,gen-1451,0.0
2019-01-01T01:00:00.0,gen-1451,-0.0
2019-01-01T00:00:00.0,gen-421,0.0
2019-01-01T01:00:00.0,gen-421,-0.0
2019-01-01T00:00:00.0,gen-1766,0.0
2019-01-01T01:00:00.0,gen-1766,-0.0
2019-01-01T00:00:00.0,gen-652,0.0
2019-01-01T01:00:00.0,gen-652,-0.0
2019-01-01T00:00:00.0,gen-2007,0.0
2019-01-01T01:00:00.0,gen-2007,-0.0
2019-01-01T00:00:00.0,gen-815,0.0
2019-01-01T01:00:00.0,gen-815,-0.0
2019-01-01T00:00:00.0,gen-1977,0.0
2019-01-01T01:00:00.0,gen-1977,-0.0
2019-01-01T00:00:00.0,gen-1329,0.0
2019-01-01T01:00:00.0,gen-1329,-0.0
2019-01-01T00:00:00.0,gen-1822,0.0
2019-01-01T01:00:00.0,gen-1822,-0.0
2019-01-01T00:00:00.0,gen-487,0.0
2019-01-01T01:00:00.0,gen-487,-0.0
2019-01-01T00:00:00.0,gen-503,0.0
2019-01-01T01:00:00.0,gen-503,0.0
2019-01-01T00:00:00.0,gen-366,0.0
2019-01-01T01:00:00.0,gen-366,-0.0
2019-01-01T00:00:00.0,gen-212,0.0
2019-01-01T01:00:00.0,gen-212,-0.0
2019-01-01T00:00:00.0,gen-823,0.0
2019-01-01T01:00:00.0,gen-823,-0.0
2019-01-01T00:00:00.0,gen-1809,0.0
2019-01-01T01:00:00.0,gen-1809,-0.0
2019-01-01T00:00:00.0,gen-871,0.0
2019-01-01T01:00:00.0,gen-871,-0.0
2019-01-01T00:00:00.0,gen-807,0.0
2019-01-01T01:00:00.0,gen-807,-0.0
2019-01-01T00:00:00.0,gen-49,0.0
2019-01-01T01:00:00.0,gen-49,-0.0
2019-01-01T00:00:00.0,gen-483,0.0
2019-01-01T01:00:00.0,gen-483,-0.0
2019-01-01T00:00:00.0,gen-911,0.0
2019-01-01T01:00:00.0,gen-911,-0.0
2019-01-01T00:00:00.0,gen-799,0.0
2019-01-01T01:00:00.0,gen-799,0.0
2019-01-01T00:00:00.0,gen-2110,0.0
2019-01-01T01:00:00.0,gen-2110,-0.0
2019-01-01T00:00:00.0,gen-907,0.0
2019-01-01T01:00:00.0,gen-907,0.0
2019-01-01T00:00:00.0,gen-827,0.0
2019-01-01T01:00:00.0,gen-827,-0.0
2019-01-01T00:00:00.0,gen-423,0.0
2019-01-01T01:00:00.0,gen-423,-0.0
2019-01-01T00:00:00.0,gen-1770,0.0
2019-01-01T01:00:00.0,gen-1770,-0.0
2019-01-01T00:00:00.0,gen-922,0.0
2019-01-01T01:00:00.0,gen-922,-0.0
2019-01-01T00:00:00.0,gen-554,0.0
2019-01-01T01:00:00.0,gen-554,0.0
2019-01-01T00:00:00.0,gen-1608,0.0
2019-01-01T01:00:00.0,gen-1608,-0.0
2019-01-01T00:00:00.0,gen-1824,0.0
2019-01-01T01:00:00.0,gen-1824,-0.0
2019-01-01T00:00:00.0,gen-651,0.0
2019-01-01T01:00:00.0,gen-651,-0.0
2019-01-01T00:00:00.0,gen-939,0.0
2019-01-01T01:00:00.0,gen-939,-0.0
2019-01-01T00:00:00.0,gen-1276,0.0
2019-01-01T01:00:00.0,gen-1276,-0.0
2019-01-01T00:00:00.0,gen-1032,0.0
2019-01-01T01:00:00.0,gen-1032,-0.0
2019-01-01T00:00:00.0,gen-876,0.0
2019-01-01T01:00:00.0,gen-876,-0.0
2019-01-01T00:00:00.0,gen-223,0.0
2019-01-01T01:00:00.0,gen-223,-0.0
2019-01-01T00:00:00.0,gen-442,0.0
2019-01-01T01:00:00.0,gen-442,-0.0
2019-01-01T00:00:00.0,gen-1007,0.0
2019-01-01T01:00:00.0,gen-1007,-0.0
2019-01-01T00:00:00.0,gen-1257,0.0
2019-01-01T01:00:00.0,gen-1257,-0.0
2019-01-01T00:00:00.0,gen-861,0.0
2019-01-01T01:00:00.0,gen-861,-0.0
2019-01-01T00:00:00.0,gen-691,0.0
2019-01-01T01:00:00.0,gen-691,-0.0
2019-01-01T00:00:00.0,gen-502,0.0
2019-01-01T01:00:00.0,gen-502,0.0
2019-01-01T00:00:00.0,gen-257,0.0
2019-01-01T01:00:00.0,gen-257,-0.0
2019-01-01T00:00:00.0,gen-843,0.0
2019-01-01T01:00:00.0,gen-843,-0.0
2019-01-01T00:00:00.0,gen-1267,0.0
2019-01-01T01:00:00.0,gen-1267,-0.0
2019-01-01T00:00:00.0,gen-576,0.0
2019-01-01T01:00:00.0,gen-576,-0.0
2019-01-01T00:00:00.0,gen-959,0.0
2019-01-01T01:00:00.0,gen-959,-0.0
2019-01-01T00:00:00.0,gen-602,0.0
2019-01-01T01:00:00.0,gen-602,-0.0
2019-01-01T00:00:00.0,gen-964,0.0
2019-01-01T01:00:00.0,gen-964,-0.0
2019-01-01T00:00:00.0,gen-388,0.0
2019-01-01T01:00:00.0,gen-388,-0.0
2019-01-01T00:00:00.0,gen-1019,0.0
2019-01-01T01:00:00.0,gen-1019,-0.0
2019-01-01T00:00:00.0,gen-909,0.0
2019-01-01T01:00:00.0,gen-909,-0.0
2019-01-01T00:00:00.0,gen-1215,0.0
2019-01-01T01:00:00.0,gen-1215,-0.0
2019-01-01T00:00:00.0,gen-509,0.0
2019-01-01T01:00:00.0,gen-509,0.0
2019-01-01T00:00:00.0,gen-413,0.0
2019-01-01T01:00:00.0,gen-413,-0.0
2019-01-01T00:00:00.0,gen-463,0.0
2019-01-01T01:00:00.0,gen-463,-0.0
2019-01-01T00:00:00.0,gen-847,0.0
2019-01-01T01:00:00.0,gen-847,-0.0
2019-01-01T00:00:00.0,gen-1548,0.0
2019-01-01T01:00:00.0,gen-1548,-0.0
2019-01-01T00:00:00.0,gen-632,0.0
2019-01-01T01:00:00.0,gen-632,-0.0
2019-01-01T00:00:00.0,gen-1221,0.0
2019-01-01T01:00:00.0,gen-1221,-0.0
2019-01-01T00:00:00.0,gen-958,0.0
2019-01-01T01:00:00.0,gen-958,-0.0
2019-01-01T00:00:00.0,gen-938,0.0
2019-01-01T01:00:00.0,gen-938,-0.0
2019-01-01T00:00:00.0,gen-993,0.0
2019-01-01T01:00:00.0,gen-993,-0.0
2019-01-01T00:00:00.0,gen-545,0.0
2019-01-01T01:00:00.0,gen-545,-0.0
2019-01-01T00:00:00.0,gen-998,0.0
2019-01-01T01:00:00.0,gen-998,-0.0
2019-01-01T00:00:00.0,gen-675,0.0
2019-01-01T01:00:00.0,gen-675,-0.0
2019-01-01T00:00:00.0,gen-541,0.0
2019-01-01T01:00:00.0,gen-541,-0.0
2019-01-01T00:00:00.0,gen-2062,0.0
2019-01-01T01:00:00.0,gen-2062,-0.0
2019-01-01T00:00:00.0,gen-256,0.0
2019-01-01T01:00:00.0,gen-256,-0.0
2019-01-01T00:00:00.0,gen-1547,0.0
2019-01-01T01:00:00.0,gen-1547,-0.0
2019-01-01T00:00:00.0,gen-1038,0.0
2019-01-01T01:00:00.0,gen-1038,-0.0
2019-01-01T00:00:00.0,gen-400,0.0
2019-01-01T01:00:00.0,gen-400,-0.0
2019-01-01T00:00:00.0,gen-1429,0.0
2019-01-01T01:00:00.0,gen-1429,-0.0
2019-01-01T00:00:00.0,gen-598,0.0
2019-01-01T01:00:00.0,gen-598,-0.0
2019-01-01T00:00:00.0,gen-666,0.0
2019-01-01T01:00:00.0,gen-666,-0.0
2019-01-01T00:00:00.0,gen-797,0.0
2019-01-01T01:00:00.0,gen-797,0.0
2019-01-01T00:00:00.0,gen-1370,0.0
2019-01-01T01:00:00.0,gen-1370,-0.0
2019-01-01T00:00:00.0,gen-1527,0.0
2019-01-01T01:00:00.0,gen-1527,-0.0
2019-01-01T00:00:00.0,gen-2037,0.0
2019-01-01T01:00:00.0,gen-2037,-0.0
2019-01-01T00:00:00.0,gen-595,0.0
2019-01-01T01:00:00.0,gen-595,-0.0
2019-01-01T00:00:00.0,gen-515,0.0
2019-01-01T01:00:00.0,gen-515,-0.0
2019-01-01T00:00:00.0,gen-562,0.0
2019-01-01T01:00:00.0,gen-562,-0.0
2019-01-01T00:00:00.0,gen-1444,0.0
2019-01-01T01:00:00.0,gen-1444,-0.0
2019-01-01T00:00:00.0,gen-2122,0.0
2019-01-01T01:00:00.0,gen-2122,-0.0
2019-01-01T00:00:00.0,gen-258,0.0
2019-01-01T01:00:00.0,gen-258,-0.0
2019-01-01T00:00:00.0,gen-1933,0.0
2019-01-01T01:00:00.0,gen-1933,-0.0
2019-01-01T00:00:00.0,gen-1033,0.0
2019-01-01T01:00:00.0,gen-1033,-0.0
2019-01-01T00:00:00.0,gen-533,0.0
2019-01-01T01:00:00.0,gen-533,-0.0
2019-01-01T00:00:00.0,gen-770,0.0
2019-01-01T01:00:00.0,gen-770,-0.0
2019-01-01T00:00:00.0,gen-1248,0.0
2019-01-01T01:00:00.0,gen-1248,-0.0
2019-01-01T00:00:00.0,gen-1000,0.0
2019-01-01T01:00:00.0,gen-1000,-0.0
2019-01-01T00:00:00.0,gen-979,0.0
2019-01-01T01:00:00.0,gen-979,-0.0
2019-01-01T00:00:00.0,gen-736,0.0
2019-01-01T01:00:00.0,gen-736,-0.0
2019-01-01T00:00:00.0,gen-1552,0.0
2019-01-01T01:00:00.0,gen-1552,-0.0
2019-01-01T00:00:00.0,gen-1246,0.0
2019-01-01T01:00:00.0,gen-1246,-0.0
2019-01-01T00:00:00.0,gen-1005,0.0
2019-01-01T01:00:00.0,gen-1005,-0.0
2019-01-01T00:00:00.0,gen-169,0.0
2019-01-01T01:00:00.0,gen-169,-0.0
2019-01-01T00:00:00.0,gen-845,0.0
2019-01-01T01:00:00.0,gen-845,-0.0
2019-01-01T00:00:00.0,gen-654,0.0
2019-01-01T01:00:00.0,gen-654,-0.0
2019-01-01T00:00:00.0,gen-60,0.0
2019-01-01T01:00:00.0,gen-60,-0.0
2019-01-01T00:00:00.0,gen-832,0.0
2019-01-01T01:00:00.0,gen-832,-0.0
2019-01-01T00:00:00.0,gen-488,0.0
2019-01-01T01:00:00.0,gen-488,-0.0
2019-01-01T00:00:00.0,gen-2081,0.0
2019-01-01T01:00:00.0,gen-2081,-0.0
2019-01-01T00:00:00.0,gen-596,0.0
2019-01-01T01:00:00.0,gen-596,-0.0
2019-01-01T00:00:00.0,gen-822,0.0
2019-01-01T01:00:00.0,gen-822,-0.0
2019-01-01T00:00:00.0,gen-816,0.0
2019-01-01T01:00:00.0,gen-816,-0.0
2019-01-01T00:00:00.0,gen-1258,0.0
2019-01-01T01:00:00.0,gen-1258,-0.0
2019-01-01T00:00:00.0,gen-1034,0.0
2019-01-01T01:00:00.0,gen-1034,-0.0
2019-01-01T00:00:00.0,gen-702,0.0
2019-01-01T01:00:00.0,gen-702,-0.0
2019-01-01T00:00:00.0,gen-786,0.0
2019-01-01T01:00:00.0,gen-786,-0.0
2019-01-01T00:00:00.0,gen-1217,0.0
2019-01-01T01:00:00.0,gen-1217,-0.0
2019-01-01T00:00:00.0,gen-1669,0.0
2019-01-01T01:00:00.0,gen-1669,-0.0
2019-01-01T00:00:00.0,gen-1686,0.0
2019-01-01T01:00:00.0,gen-1686,-0.0
2019-01-01T00:00:00.0,gen-214,0.0
2019-01-01T01:00:00.0,gen-214,-0.0
2019-01-01T00:00:00.0,gen-453,0.0
2019-01-01T01:00:00.0,gen-453,-0.0
2019-01-01T00:00:00.0,gen-1955,0.0
2019-01-01T01:00:00.0,gen-1955,-0.0
2019-01-01T00:00:00.0,gen-837,0.0
2019-01-01T01:00:00.0,gen-837,-0.0
2019-01-01T00:00:00.0,gen-705,0.0
2019-01-01T01:00:00.0,gen-705,-0.0
2019-01-01T00:00:00.0,gen-2089,0.0
2019-01-01T01:00:00.0,gen-2089,-0.0
2019-01-01T00:00:00.0,gen-510,0.0
2019-01-01T01:00:00.0,gen-510,-0.0
2019-01-01T00:00:00.0,gen-2044,0.0
2019-01-01T01:00:00.0,gen-2044,-0.0
2019-01-01T00:00:00.0,gen-574,0.0
2019-01-01T01:00:00.0,gen-574,-0.0
2019-01-01T00:00:00.0,gen-1810,0.0
2019-01-01T01:00:00.0,gen-1810,-0.0
2019-01-01T00:00:00.0,gen-605,0.0
2019-01-01T01:00:00.0,gen-605,-0.0
2019-01-01T00:00:00.0,gen-527,0.0
2019-01-01T01:00:00.0,gen-527,-0.0
2019-01-01T00:00:00.0,gen-165,0.0
2019-01-01T01:00:00.0,gen-165,-0.0
2019-01-01T00:00:00.0,gen-472,0.0
2019-01-01T01:00:00.0,gen-472,-0.0
2019-01-01T00:00:00.0,gen-1213,0.0
2019-01-01T01:00:00.0,gen-1213,-0.0
2019-01-01T00:00:00.0,gen-659,0.0
2019-01-01T01:00:00.0,gen-659,-0.0
2019-01-01T00:00:00.0,gen-1371,0.0
2019-01-01T01:00:00.0,gen-1371,-0.0
2019-01-01T00:00:00.0,gen-599,0.0
2019-01-01T01:00:00.0,gen-599,-0.0
2019-01-01T00:00:00.0,gen-513,0.0
2019-01-01T01:00:00.0,gen-513,-0.0
2019-01-01T00:00:00.0,gen-829,0.0
2019-01-01T01:00:00.0,gen-829,-0.0
2019-01-01T00:00:00.0,gen-580,0.0
2019-01-01T01:00:00.0,gen-580,-0.0
2019-01-01T00:00:00.0,gen-183,0.0
2019-01-01T01:00:00.0,gen-183,-0.0
2019-01-01T00:00:00.0,gen-543,0.0
2019-01-01T01:00:00.0,gen-543,-0.0
2019-01-01T00:00:00.0,gen-2023,0.0
2019-01-01T01:00:00.0,gen-2023,-0.0
2019-01-01T00:00:00.0,gen-787,0.0
2019-01-01T01:00:00.0,gen-787,-0.0
2019-01-01T00:00:00.0,gen-1637,0.0
2019-01-01T01:00:00.0,gen-1637,-0.0
2019-01-01T00:00:00.0,gen-726,0.0
2019-01-01T01:00:00.0,gen-726,-0.0
2019-01-01T00:00:00.0,gen-201,0.0
2019-01-01T01:00:00.0,gen-201,-0.0
2019-01-01T00:00:00.0,gen-63,0.0
2019-01-01T01:00:00.0,gen-63,-0.0
2019-01-01T00:00:00.0,gen-365,0.0
2019-01-01T01:00:00.0,gen-365,-0.0
